"",,
Código,Descricao,Autor
9788496099944,TOP ARQUITECTOS AMERICANOS,"CAMBERT, MAY"
9781445492612,100 MELHORES ALIMENTOS P SE MANTER JOVEM,Vários autores
9781445492605,100 MELHORES ALIMENTOS PARA A GRAVIDEZ,Vários autores
9781445492599,100 MELHORES ALIMENTOS PARA A MENOPAUSA,Vários autores
9789898356536,50 RECEITAS DE BACALHAU,Vários autores
9789898356529,"ATLAS DO VIAJENTE AMERICA DO NORTE, O P","Dailey, Donna"
9789898356475,BEM ESTAR  CORRA PELA SUA SAUDE,"Newcombe, Rachel"
9789898356499,BEM ESTAR  EM FORMA EM 6 MINUTOS,"Rowe, Faye"
9789898356482,BEM ESTAR  TRABALHAR PARA O BIQUINI,"Rowe, Faye"
9781445497914,BIBLIA DO COZINHEIRO  DOCARIAS,Vários autores
9781445497938,BIBLIA DO COZINHEIRO  PEIXE E MARISCO,Vários autores
9781445497921,BIBLIA DO COZINHEIRO  SABORES EXOTICOS,Vários autores
9781445497945,BIBLIA DO COZINHEIRO  SOPAS,Vários autores
9781445496283,COLECAO PENSAMENTOS  AMIZADE,Vários autores
9781445496306,COLECAO PENSAMENTOS  AMOR,Vários autores
9781445496313,COLECAO PENSAMENTOS  MAES E FILHAS,Vários autores
9781445496320,COLECAO PENSAMENTOS  PRINCIPIOS DA VIDA,Vários autores
9781445496276,COLECAO PENSAMENTOS  REFLEXOES,Vários autores
9781445472041,COOKBOOK CHOCOLATE,Vários autores
9781445472027,COOKBOOK CHURRASCO,Vários autores
9781445472034,COOKBOOK COZINHA FRANGO,Vários autores
9781445472058,COOKBOOK COZINHA PEIXE E MARISCO,Vários autores
9781445472072,COOKBOOK COZINHA SOPAS E GUISADOS,Vários autores
9789898356086,COZINHA CRIATIVA REFEICOES DE VERAO,Vários autores
9781445470474,ESTRELAS DOURADAS  MATEMATICA 9 11 ANOS,VARIOS
9781445436104,"GRANDE LIVRO DE SOPAS E GUISADOS, O",Vários autores
9789898356550,GREAT HOTELS LISBON,"Palma, Catarina"
9789898356048,O GUIA DOS OLEOS E VINAGRES,VARIOS
9781472322050,ONE DIRECTION,VARIOS
9789898356178,PRAZER DE COZINHAR ARROZ,VARIOS
9781445487656,RECEITAS ESSENCIAIS  WOK,VARIOS
9781407527307,TECNICAS DE GOLFE,"Meadows, Chris"
9789723315554,ARTE DE BEM VESTIR (A),"Faux, Susie"
9789723322705,BREVE HISTORIA DA ARQUITECTURA,"Llera, Ramón Rodríguez"
9789723322637,BREVE HISTORIA DA PINTURA,"Leon, Paz García Ponce"
9789723323801,CLEOPATRA  O MUNDO DE CLEOPATRA,"Geras, Adele"
9789723321722,COR  PINTURA CRIATIVA,Vários autores
9789723323481,COURO (O),"Llado, Maria Teresa"
9789723322026,DESENHO PARA DESIGNERS INDUSTRIAIS,"Julian, Fernando"
9789723321357,"DICIONARIO DE PINTURA  SEC, XIV XVIII","Yusta, Constanza Nieto"
Autor,Preço
"CAMBERT, MAY","R$       344,00"
Vários autores,"R$         73,00"
Vários autores,"R$         73,00"
Vários autores,"R$         73,00"
Vários autores,"R$       146,00"
"Dailey, Donna","R$       132,00"
"Newcombe, Rachel","R$         47,00"
"Rowe, Faye","R$         47,00"
"Rowe, Faye","R$         47,00"
Vários autores,"R$       132,00"
Vários autores,"R$       132,00"
Vários autores,"R$       132,00"
Vários autores,"R$       132,00"
Vários autores,"R$         47,00"
Vários autores,"R$         47,00"
Vários autores,"R$         47,00"
Vários autores,"R$         47,00"
Vários autores,"R$         47,00"
Vários autores,"R$         73,00"
Vários autores,"R$         73,00"
Vários autores,"R$         73,00"
Vários autores,"R$         73,00"
Vários autores,"R$         73,00"
Vários autores,"R$         30,00"
VARIOS,"R$         44,00"
Vários autores,"R$       172,00"
"Palma, Catarina","R$       146,00"
VARIOS,"R$         73,00"
VARIOS,"R$         47,00"
VARIOS,"R$         47,00"
VARIOS,"R$       106,00"
"Meadows, Chris","R$       106,00"
"Faux, Susie","R$         80,00"
"Llera, Ramón Rodríguez","R$       212,00"
"Leon, Paz García Ponce","eR$       212,00"
"Geras, Adele","R$       119,00"
Vários autores,"R$       146,00"
"Llado, Maria Teresa","R$       172,00"
"Julian, Fernando","R$       146,00"
"Yusta, Constanza Nieto","R$       264,00"
9789723322002,ESPACO  PINTURA CRIATIVA,Vários autores
9789723318678,"ESTAMPADO  TEC, DECORATIVAS,","Pujol-Xicoy, Reyes; Casal"
9789723324969,ESTAMPAGEM,"Canals, Maria Teresa"
9789723315592,ESTOFOS  AULA DE MADEIRA,"Gilbert, Vicenç"
9789723320091,FORMA  PINTURA CRIATIVA,Vários autores
9789723320060,"FOTOGRAFIA  MANUAL PRATICO ,","HILLYARD, SUE"
9789723322606,GRANDE LIVRO DO AMOR (O),Vários autores
9789723318449,GUACHE  CURSO DESENHO E PINTURA,"Vigue, Jordi"
9789723319422,"GUIA PRATICO DO COZINHEIRO,","Wolf-Cohen, Elizabeth"
9789723313819,INTRODUCAO AS ARTES DECORATIVAS,"O'Neill, Amanda"
9789723318081,"J,K, ROWLING  O GENIO DE HARRY POTTER","Smith, Sean"
9789723319156,"MEDICINA E FARMACIA EM 11 LINGUAS DIC,CO",Vários autores
9789723321326,"MOSAICO  TEC, DECORATIVAS","Beveridge, Philippa"
9789723314564,"OLARIA (A) TEC,E A ARTE",Vários autores
9789723324334,"OPERA GRANDES COMPOSITORES,OBRAS PRIMAS","Bourne, Joyce"
9789723323498,PINTURA A OLEO  AULA DE PINTURA,"Sanmiguel, David"
9789723324921,PINTURA AACRILICO  AULA DE PINTURA,"Roig, Gabriel Martins"
9789723319101,"PINTURA DECORATIVA  TEC, DECORATIVAS","Santacruz, Victoria Lopez"
9789723313246,"TECELAGEM, A","Brahic, Martlene"
9789723323009,TRACO  PINTURA CRIATIVA,Vários autores
9789723315950,VITRAL (O),"Valldeperez, Pere"
9781906863036,CUSTOM LETTERING OF THE 60S E 70S,"HUGHES, RIAN"
9781906863081,PLASTIC DREAMS SYNTHETIC VISION IN DESI,"FIELL, PETER"
9781906863050,THE LITTLE BOOK OF SHOCKING FOOD FACTS,"FEINBERG, CRAIG HOLDE"
9781906863067,THE LITTLE BOOK OF SHOCKING GLOBAL FACTS,"FIELL,PETER"
9788493735302,ANJOS IEP,"DIMAN, PAZ"
9788493735388,CELEBRIDADES IEP,"DIMAN, PAZ"
9788493735357,MANUAL DE WEB DESIGN IEP,"DIMAN, PAZ"
9788493818395,DESEAME COMO SI ME ODIARAS,"O'hara, Venus"
9788499367606,500 TRUQUES  APARTAMENTOS URBANOS,Vários autores
9788499362496,500 TRUQUES ACESSORIOS,Vários autores
9788499367507,500 TRUQUES ESPACOS DE LAZER,Vários autores
9788499367453,500 TRUQUES MATERIAIS DE REVESTIMENTO E,Vários autores
9788499367552,500 TRUQUES QUARTOS DE CRIANCA,Vários autores
9788499362076,ARCHITECTURE E ENERGY EFFICIENCY,"Costa Duran, Sergi"
9782809902563,ARCTICA EXPLORANDO OS POLOS,"Chazournes, Yves De"
9788499362816,ARQUITECTOS CONTEMPORANEOS 1,Vários autores
9788499363219,ARQUITECTOS CONTEMPORANEOS VOL 2,Vários autores
9788881177844,ARTES GRAFICAS,Sanna. Angela
9783864071461,BOLOS DIVERTIDOS PARA CRIANCAS,"Kulakowski, Andrej"
9783940957191,COMIDA DIVERTIDA PARA MIUDOS,Vários autores
9783864071454,COMIDA MAIS DIVERTIDA PARA CRIANCAS,"Kulakowski, Andrej"
9783942860222,DESSOUS,"Schmidt, Michelle"
9788499363714,ECO SOLUTIONS,Vários autores
9788499361772,ENCICLOPEDIA DE DESENHO DE MODA,Vários autores
9788499363011,"FANTASIA EM MANGA, A",Vários autores
9783902834041,HUMAN FOOTPRINT,Vários autores
9788492731206,LIVING IN DREAM CITIES,"Eguaras, Mariana R."
9788887090376,MAFIA,Gasparini. Marco
9788887090246,MANEIRISMO,"Duran, Sergi Costa"
Vários autores,"R$       146,00"
"Pujol-Xicoy, Reyes; Casal",", RJu$a  n   a  1 J1u9li,a00"
"Canals, Maria Teresa","R$       172,00"
"Gilbert, Vicenç","R$         73,00"
Vários autores,"R$       146,00"
"HILLYARD, SUE","R$       146,00"
Vários autores,"R$         93,00"
"Vigue, Jordi","R$         73,00"
"Wolf-Cohen, Elizabeth","R$         73,00"
"O'Neill, Amanda","R$         93,00"
"Smith, Sean","R$         73,00"
Vários autores,"R$       264,00"
"Beveridge, Philippa","R$       119,00"
Vários autores,"R$       172,00"
"Bourne, Joyce","R$       238,00"
"Sanmiguel, David","R$       146,00"
"Roig, Gabriel Martins","R$       146,00"
"Santacruz, Victoria Lopez","R$       119,00"
"Brahic, Martlene","R$       172,00"
Vários autores,"R$       146,00"
"Valldeperez, Pere","R$       172,00"
"HUGHES, RIAN","R$       185,00"
"FIELL, PETER","R$       185,00"
"FEINBERG, CRAIG HOLDE","R$         88,00"
"FIELL,PETER","R$         88,00"
"DIMAN, PAZ","R$         88,00"
"DIMAN, PAZ","R$         88,00"
"DIMAN, PAZ","R$       119,00"
"O'hara, Venus","R$       146,00"
Vários autores,"R$         86,00"
Vários autores,"R$         86,00"
Vários autores,"R$         86,00"
Vários autores,"R$         86,00"
Vários autores,"R$         86,00"
"Costa Duran, Sergi","R$       291,00"
"Chazournes, Yves De","R$       363,00"
Vários autores,"R$       363,00"
Vários autores,"R$       363,00"
Sanna. Angela,"R$       363,00"
"Kulakowski, Andrej","R$         86,00"
Vários autores,"R$         86,00"
"Kulakowski, Andrej","R$         86,00"
"Schmidt, Michelle","R$       363,00"
Vários autores,"R$       363,00"
Vários autores,"R$       363,00"
Vários autores,"R$         60,00"
Vários autores,"R$       363,00"
"Eguaras, Mariana R.","R$       185,00"
Gasparini. Marco,"R$       363,00"
"Duran, Sergi Costa","R$       363,00"
9788499367736,METAL E HARDCORE GRAPHICS,"Campos, Cristian"
9788499367958,MINI HOMES,"Schleifer, Simone"
9788415023005,MODA GOTICA  PERSONAJES GOTICOS URBANOS,Torrent Marc
9783942860314,MODA NUPCIAL,"Glandien, Saskia"
9788496805309,MODERN FASHION ILLUSTRATION,Vários autores
9781873913635,P BOOK  AVIATION,Scala
9781873913673,P BOOK  CARS,Scala
9781873913741,P BOOK  COWBOYS,Scala
9788881176601,P BOOK  GAUGUIN,Vários autores
9781873913697,P BOOK  GILRAY,Scala
9788055600543,P BOOK  ICELAND,Vários autores
9788881179589,P BOOK  KLIMT,Vários autores
9781873913666,P BOOK  LINERS,Vários autores
9781873913727,P BOOK  PATTERNS,Scala
9781873913710,P BOOK  ROWLANDSON,Scala
9788881179596,P BOOK  SCHIELE,Vários autores
9781873913840,P BOOK  SHAPES,Scala
9781873913680,P BOOK  SNAPSHOTS,Scala
9781873913758,P BOOK  TO THE POLES,Scala
9781873913642,P BOOK  TRAINS,Scala
9781908271006,P BOOK 1920S,Vários autores
9781908271037,P BOOK 1950S,Vários autores
9781908271044,P BOOK 1960S,Vários autores
9781908271051,P BOOK 1970S,Vários autores
9781873913925,P BOOK BEST FRIENDS,Vários autores
9781873913703,P BOOK CITY MAPS,Vários autores
9781873913949,P BOOK FASHION,Vários autores
9781873913994,P BOOK GOLDEN 20S,Vários autores
9781873913833,P BOOK LIFESTYLE,Vários autores
9781873913963,P BOOK MAN E MACHINE,Vários autores
9781873913987,P BOOK STYLE ICONS,Vários autores
9788499362960,PERSONAGENS DE ACCAO EM MANGA  HEROIS E,Vários autores
9788881175949,PINTURA FLAMENGA E HOLANDESA,"Bruno, Silvia"
9788492463688,PREFAB ARCHITECTURE,"SCHLEIFER, SIMONE K."
9788499362304,"RAPARIGAS EM MANGA, AS",Vários autores
9783942860031,SHOPPING,Vários autores
9783864070570,SPORTS CAR RACING  1962 A 1973,Schlegelmilch
9788499368245,THE BATHROOM BOOK,"Schleifer, Simone"
9788499363806,THE BATHROOM BOOK 2,Vários autores
9788499362151,THE HUMAN BODY,Vários autores
9788492463428,THE SKETCH BOOK,"MOLA, FRANCESC ZAMO"
9788887090871,THE STORY OF NUDE PHOTOGRAPHY,"Uzzani, Giovanna"
9788499362915,"VILOES EM MANGA, OS",Vários autores
9788866370772,"VISUAL ENC,  ROMANICO",VARIOS
9788881177653,"VISUAL ENC, ART ARTE NOVA",VARIOS
9788881177790,"VISUAL ENC, ART ROMANICO",VARIOS
9788499363271,VIVENDAS PRE FABRICADAS,Vários autores
9783864074974,500 TRICKS  LIGHTING,"Schleifer, Simone K."
9783864074844,500 TRUQUES ACESSORIOS,Vários autores
9783864075148,500 TRUQUES APARTAMENTOS URBANOS,VARIOS
"Campos, Cristian","R$       363,00"
"Schleifer, Simone","R$       363,00"
Torrent Marc,"R$       159,00"
"Glandien, Saskia","R$       363,00"
Vários autores,"R$       159,00"
Scala,"R$         86,00"
Scala,"R$         86,00"
Scala,"R$         86,00"
Vários autores,"R$         86,00"
Scala,"R$         86,00"
Vários autores,"R$         86,00"
Vários autores,"R$         86,00"
Vários autores,"R$         86,00"
Scala,"R$         86,00"
Scala,"R$         86,00"
Vários autores,"R$         86,00"
Scala,"R$         86,00"
Scala,"R$         86,00"
Scala,"R$         86,00"
Scala,"R$         86,00"
Vários autores,"R$         86,00"
Vários autores,"R$         86,00"
Vários autores,"R$         86,00"
Vários autores,"R$         86,00"
Vários autores,"R$         86,00"
Vários autores,"R$         86,00"
Vários autores,"R$         86,00"
Vários autores,"R$         86,00"
Vários autores,"R$         86,00"
Vários autores,"R$         86,00"
Vários autores,"R$         86,00"
Vários autores,"R$         60,00"
"Bruno, Silvia","R$       363,00"
"SCHLEIFER, SIMONE K.","R$         99,00"
Vários autores,"R$         60,00"
Vários autores,"R$       436,00"
Schlegelmilch,"R$       264,00"
"Schleifer, Simone","R$       363,00"
Vários autores,"R$       330,00"
Vários autores,"R$       264,00"
"MOLA, FRANCESC ZAMO","AR$       363,00"
"Uzzani, Giovanna","R$       363,00"
Vários autores,"R$         60,00"
VARIOS,"R$         66,00"
VARIOS,"R$       119,00"
VARIOS,"R$       119,00"
Vários autores,"R$       363,00"
"Schleifer, Simone K.","R$         86,00"
Vários autores,"R$         86,00"
VARIOS,"R$         86,00"
9783864075094,500 TRUQUES QUARTOS PARA CRIANCAS,VARIOS
9783864074301,888 DICAS PARA O LAR,Vários autores
9783741924774,AFRICAN SECRETS,"Christoph, Henning; Schi"
9783741923128,AMERICAN NATIONAL PARKS,"Melanie Pawlitzi, Sabine"
9783741924828,AMERICAN NATIONAL PARKS,"Pawlitzki, Melanie; Kienli"
9783741918339,ANDALUSIANS E LUSITANOS  IBERIAN HORSES,"Boiselle, Gabriele"
9788499369785,ARCHITECTURE TODAY,"Lopez, Ester Carrion"
9788857604718,ARREDI CONTEMPORANEI,"Ozder, Derya"
9783741918209,ARS EROTICA,Daniel Kiecol
9783741924125,ART AFRICA,"Bolz, Franziska"
9783741922923,ART DECO,"Hattstein, Markus"
9783741924132,ART DECO INT GB,Franziska Bolz
9783955883010,ART NOUVEAU,"Hasekamp, Uta"
9783741924217,ART NOUVEAU,Uta Hasekamp
9783741920370,AUSTRALIA,Anthony Ham & Donna
9783741925283,AUSTRALIA,"Ham, Anthony; Wheeler,"
9783864074196,BANHEIROS MODERNOS,Vários autores
9783741921414,BAROQUE,Kristina Menzel
9783864075834,BATHROOMS,"Alonso, Claudia Martinez"
9783741923777,BATHROOMS,"Alonso, Claudia Martinez"
9783741921490,BERTHE MORISOT,"Binde, Josephine"
9783741923616,BOTANICAL INSPIRATIONS,Koenemann
9783741922824,BRAZIL,"Sassmannshausen, Katja;"
9783741925337,BRAZIL,"Sassmannshausen, Katja"
9782809916676,BRETAGNE,Catherine Laulhère
9783741922114,CAMILLE COROT,"Amen, Cecilen"
9783955886158,CARAVAGGIO,"Dangelmaier, Ruth"
9788499364698,CASAS COMPACTAS,Vários autores
9788499364452,CASAS DE BANHO,Vários autores
9783955880965,CEZANNE INT,"Duchting, Hajo"
9783741920004,CHAIM SOUTINE,"Padberg, Martina"
9783741920196,CHILE,Jennifer Wintgens & Ma
9783741925344,CHILE,"Wintgens, Jennifer; Trutt"
9783741923784,CITY APARTMENTS,"Alonso, Claudia Martinez"
9783864075377,CITY HOUSES,"SOLEY, MIREIA CASANO"
9783741921353,CITY HOUSES,"Alonso, Claudia Martinez"
9783864074684,COMO DESENHAR AVIOES  PASSO A PASSO,Vários autores
9783864074783,COMO DESENHAR CARROS  PASSO A PASSO,Vários autores
9783864074738,COMO DESENHAR MOTOS  PASSO A PASSO,Vários autores
9783741923791,COMPACT HOUSES,"Alonso, Claudia Martinez"
9783741920943,COSTA RICA,"Ender, Petra"
9783741925160,COSTA RICA,"Ender, Preta; Spielmann,"
9783741923371,CUBA,"Raach, Karl-Heinz"
9783741925139,CUBA,"Raach, Karl-Heinz"
9783741923289,CUBAN CARS,"Raach, Karl-Heinz"
9783955880989,DURER INT,"Dangelmaier, Ruth"
9783741920431,ECO INSPIRATIONS,Simone K. Scheleifer
9783864072666,EL GRAN LIBRO DE LOS APARTAMENTOS,Vários autores
9783955886233,EL GRECO,"Heyl, Anke Von"
9783864073212,EL LIBRO DE LAS CASAS MINI,Vários autores
VARIOS,"R$         86,00"
Vários autores,"R$       172,00"
"Christoph, Henning; Schi","mR$an   n  ,   1P3h2il,i0p0p;"
"Melanie Pawlitzi, Sabine","iRe$n l i n    396,00"
"Pawlitzki, Melanie; Kienli",",R S$a  b  i n  3e9 V6o,0n0"
"Boiselle, Gabriele","R$       396,00"
"Lopez, Ester Carrion","R$       291,00"
"Ozder, Derya","R$       344,00"
Daniel Kiecol,"R$       212,00"
"Bolz, Franziska","R$       132,00"
"Hattstein, Markus","R$       396,00"
Franziska Bolz,"R$       132,00"
"Hasekamp, Uta","R$       212,00"
Uta Hasekamp,"R$       132,00"
Anthony Ham & Donna,"hRe$e  l e  r  396,00"
"Ham, Anthony; Wheeler,","DRo$n  n  a   146,00"
Vários autores,"R$       212,00"
Kristina Menzel,"R$       396,00"
"Alonso, Claudia Martinez","R$       212,00"
"Alonso, Claudia Martinez","R$         86,00"
"Binde, Josephine","R$         99,00"
Koenemann,"R$       146,00"
"Sassmannshausen, Katja;","SRp$ie  l m    3an96n,0 E0ll"
"Sassmannshausen, Katja","R$       146,00"
Catherine Laulhère,"R$         99,00"
"Amen, Cecilen","R$         99,00"
"Dangelmaier, Ruth","R$         99,00"
Vários autores,"R$       132,00"
Vários autores,"R$       132,00"
"Duchting, Hajo","R$         99,00"
"Padberg, Martina","R$         99,00"
Jennifer Wintgens & Ma,"ioRn$ T  r  u  3tt9e6r,00"
"Wintgens, Jennifer; Trutt","rR, $M   a  r  1io4n6,00"
"Alonso, Claudia Martinez","R$         86,00"
"SOLEY, MIREIA CASANO","ARS$       212,00"
"Alonso, Claudia Martinez","R$       212,00"
Vários autores,"R$         60,00"
Vários autores,"R$         60,00"
Vários autores,"R$         60,00"
"Alonso, Claudia Martinez","R$         86,00"
"Ender, Petra","R$       291,00"
"Ender, Preta; Spielmann,","ERll$e n        99,00"
"Raach, Karl-Heinz","R$       396,00"
"Raach, Karl-Heinz","R$         99,00"
"Raach, Karl-Heinz","R$       146,00"
"Dangelmaier, Ruth","R$         99,00"
Simone K. Scheleifer,"R$         99,00"
Vários autores,"R$       172,00"
"Heyl, Anke Von","R$         99,00"
Vários autores,"R$       172,00"
9783955886240,ERNST LUDWING KIRCHNER,Doris Hansmann
9783741919893,EROTICA I,"Daniel Fehr,Ilya Rashap"
9783741919916,EROTICA II,"Daniel Fehr,Ilya Rashap"
9783741919930,EROTICA III,"Daniel Fehr,Ilya Rashap"
9783741920448,ETHNO ARCHITECTURE E INTERIORS,Simone K. Scheleifer
9783741921421,"EUROPEAN PAINTING, 1750-1880",Koenemann
9783955881825,"EXCLUSIVE ARCHITECT, INNOVATIVE DESIGN","Alonso, Claudia Martinez"
9783864074073,FASHION ILUSTRATION STEP BY STEP,Vários autores
9783741921544,FETISH FASHION,Michelle Schmidt
9783741921643,FLANDERS,"Etzold, Joel"
9783741919961,FLEMISH AND DUTCH BAROQUE PAINTING,"Hasekamp, Uta"
9783741924156,FLEMISH&DUTCH BAROQ,Uta Hasekamp
9783741924316,FRENCH PAINTING 1,"Grivet, Valentin"
9783741924323,FRENCH PAINTING 2,"Grivet, Valentin"
9783741923869,FRESCOES,"Hasekamp, Uta"
9783955881009,GAINSBOROUGH,"Dangelmaier, Ruth"
9783741922138,GAINSBOROUGH,"Dangelmaier, Ruth"
9783955886288,GAUGUIN,Armelle Femelat
9783741921391,GOTHIC 1200-1500 INT GB,Uta Hansekamp
9783955886356,GOYA,"Linares, Marina"
9783741923265,GUATEMALA,"Ender, Petra; Kienlin, Vo"
9783741925146,GUATEMALA,"Ender, Preta; Kienlin, Sa"
9783741924163,HAREM,"Gallet, Valentini"
9783741924170,HERMITAGE MUSEUM,Hajo Duchting
9783741918292,HIROSHIGE INT,"Nentiwig, Janina"
9783741921360,HOME EXTENDED,"Alonso, Claudia Martinez"
9783741922220,ICE WORLDS,"Bernhard, Udo"
9783741920226,ICELAND,"Petra Ender,Bernhard M"
9788499365305,IDEIAS PARA INTERIORES MINIMALISTAS,VARIOS
9783741922602,INDIA,Katja Sassmannhausen E
9783741921155,INSTANT HOUSES,"Alonso, Claudia Martinez"
9783741924194,ITALIAN RENAISSANCE,Ruth Dangelmaier
9783741922275,ITALIAN RENAISSANCE ARCHITECTURE,"Bussagle, Marco"
9783955881153,LEONARDO,"Menzel, Kristina"
9783741923807,LIGHTING,"Alonso, Claudia Martinez"
9783741920523,LIVING WITH STONE,Claudia Martinez Alonso
9783741920578,LIVING WITH WOOD,Koenemann
9783864073670,LOFTS,Vários autores
9783741923821,LOFTS,"Alonso, Claudia Martinez"
9783864074608,MANGA ACTION HEROES,Vários autores
9783864074615,MANGA FANTASY,Vários autores
9783864074622,MANGA GIRLS,Vários autores
9783864074639,MANGA VILLAINS,Vários autores
9783741924934,MARITIME PAINTING,"Kiecol, Daniel"
9783955880804,MASTERPIECES OF FRENCH PAINTING,"Duchting, Hajo"
9783741925153,MEXICO,"Wintgens, Jennifer; Trutt"
9783741920509,MINI HOMES,Simone Schleifer
9783864073229,MINI HOMES INTGB,Vários autores
9783864073694,MINI HOUSES,Vários autores
9783741923838,MINI HOUSES,"Alonso, Claudia Martinez"
Doris Hansmann,"R$         99,00"
"Daniel Fehr,Ilya Rashap","R$       212,00"
"Daniel Fehr,Ilya Rashap","R$       212,00"
"Daniel Fehr,Ilya Rashap","R$       212,00"
Simone K. Scheleifer,"R$         99,00"
Koenemann,"R$       396,00"
"Alonso, Claudia Martinez","R$       212,00"
Vários autores,"R$       146,00"
Michelle Schmidt,"R$       212,00"
"Etzold, Joel","R$       396,00"
"Hasekamp, Uta","R$       212,00"
Uta Hasekamp,"R$       132,00"
"Grivet, Valentin","R$       396,00"
"Grivet, Valentin","R$       396,00"
"Hasekamp, Uta","R$       396,00"
"Dangelmaier, Ruth","R$         99,00"
"Dangelmaier, Ruth","R$         99,00"
Armelle Femelat,"R$         99,00"
Uta Hansekamp,"R$       396,00"
"Linares, Marina","R$         99,00"
"Ender, Petra; Kienlin, Vo","R$       238,00"
"Ender, Preta; Kienlin, Sa","inRe$ V   o  n    99,00"
"Gallet, Valentini","R$       146,00"
Hajo Duchting,"R$       132,00"
"Nentiwig, Janina","R$         99,00"
"Alonso, Claudia Martinez","R$       212,00"
"Bernhard, Udo","R$       396,00"
"Petra Ender,Bernhard M","gRg$e  &    C 3h9r6i,s0ti0a"
VARIOS,"R$       132,00"
Katja Sassmannhausen E,"TRh$ilo    S  c 3h9e6u,00"
"Alonso, Claudia Martinez","R$       212,00"
Ruth Dangelmaier,"R$       132,00"
"Bussagle, Marco","R$       212,00"
"Menzel, Kristina","R$         99,00"
"Alonso, Claudia Martinez","R$         86,00"
Claudia Martinez Alonso,"R$         99,00"
Koenemann,"R$         99,00"
Vários autores,"R$       132,00"
"Alonso, Claudia Martinez","R$         86,00"
Vários autores,"R$         60,00"
Vários autores,"R$         60,00"
Vários autores,"R$         60,00"
Vários autores,"R$         60,00"
"Kiecol, Daniel","R$       146,00"
"Duchting, Hajo","R$       172,00"
"Wintgens, Jennifer; Trutt","rR, $M   a  r  1io4n6,00"
Simone Schleifer,"R$         99,00"
Vários autores,"R$       172,00"
Vários autores,"R$       132,00"
"Alonso, Claudia Martinez","R$         86,00"
9783741923814,MINIMALIST IDEAS FOR,"Alonso, Claudia Martinez"
9783864072956,MODERN COUNTRY HOMES,VARIOS
9783741923845,MODERN INTERIOR DESIGN,"Alonso, Claudia Martinez"
9783955886479,MODIGLIANI,"Duchene, Delphine"
9783741925092,MOROCCO,"Metzger, Christine"
9783955886509,MUCHA,Daniel Kiecol
9783955886219,MUNCH INT,"Duchting, Hajo"
9783741920530,NATURAL STONE HOUSES,Simone K. Scheleifer
9783741920462,NEW IDEAS FOR THE HOME,Simone K. Scheleifer
9783864075612,NEW WOOD KITCHENS,"Alonso, Claudia Martinez"
9783741920257,NORWAY,"Udo Bernhart,Rasso Knol"
9783955886523,OSKAR SCHLEMMER,"Mextorf, Olaf"
9783864075407,"PATIOS, TERRAZAS Y JARDINES EN AZOTEAS","Alonso, Claudia Martinez"
9783741922169,PAULA MODERSOHN BECKER,Doris Hansmann
9788055613833,PHOTOREPORTING KAROL KALLAY,Karol Kallay
9783741921513,PIERRE BONNARD,Guillaume Morel
9783741919176,PORTFOLIO  ART DECO,KONEMANN
9783741919190,PORTFOLIO  GAUDI INT,Konemann
9783741919114,PORTFOLIO  HIROSHIGE INT,Konemann
9783741919121,PORTFOLIO  HOKUSAI INT,KONEMANN
9783955880811,PORTFOLIO  KANDINSKY INT,Konemann
9783741919145,PORTFOLIO  KLEE INT,KONEMANN
9783741919152,PORTFOLIO  KLIMT INT,Konemann
9783741916069,PORTFOLIO  MARIA SIBYLLA MERIAN,Konemann
9783741919169,PORTFOLIO  SCHIELE INT,Konemann
9783741910920,PRADO,"Linares, Marina"
9783741920547,PREFAB ARCHITECTURE,"Serrats, Marta"
9782809916683,PROVENCE,Catherine Laulhère
9783955886639,RODIN,"Kiecol, Daniel"
9783741919992,RUBENS,"Gunther, Katrin"
9783955880996,SCHIELE INT,"Padberg, Martina"
9783741920837,SMALL INTERIORS,"Gutiérrez, Manel"
9783741921049,SMALL LOFTS,"Alonso, Claudia Martinez"
9783864073700,SMART APARTMENTS,Vários autores
9783741923852,SMART APARTMENTS,"Soley, Mireia Casanovas"
9783741920851,SMART INTERIORS,"Alonso, Claudia Martinez"
9783741924767,SOUL OF AFRICA,"Christoph, Henning; Mat"
9783741925290,SOUTH PACIFIC,"Runkel, Michael"
9783741923210,SPANISH PAINTING 1200-1665,Emma Hansen
9783741923227,SPANISH PAINTING 1665-1920,"Hansen, Emma; Dangel"
9783741923166,STAEDEL MUSEUM,Martina Padberg
9783864072505,STREET ART,"Cristian, Campos"
9783741921377,SURPRISING IBIZA ARCHITECTURE,"Alonso, Claudia Martinez"
9783741922718,SWEDEN,"Bernhard, Udo; Klenlin, S"
9783741923104,SYDNEY & NEW SOUTH WALES,"Wheeler, Donna"
9783741921285,TATTOOS,Maria Keiling
9783741920455,"TERRACES, BALCONIES","Serrats, Marta"
9783741925122,THAILAND,"Sassmannshausen, Katja;"
9783741920820,THE ARABIAN HORSES,"Boiselle, Gabriele"
9783741921278,THE NATIONAL GALLERY LONDON,Uta Hasekamp
"Alonso, Claudia Martinez","R$         86,00"
VARIOS,"R$       185,00"
"Alonso, Claudia Martinez","R$         86,00"
"Duchene, Delphine","R$         99,00"
"Metzger, Christine","R$       146,00"
Daniel Kiecol,"R$         99,00"
"Duchting, Hajo","R$         99,00"
Simone K. Scheleifer,"R$         99,00"
Simone K. Scheleifer,"R$         99,00"
"Alonso, Claudia Martinez","R$         99,00"
"Udo Bernhart,Rasso Knol","eRr$ &   C   h 3r9is6t,i0a0n"
"Mextorf, Olaf","R$         99,00"
"Alonso, Claudia Martinez","R$       212,00"
Doris Hansmann,"R$         99,00"
Karol Kallay,"R$       363,00"
Guillaume Morel,"R$         99,00"
KONEMANN,"R$         60,00"
Konemann,"R$         60,00"
Konemann,"R$         60,00"
KONEMANN,"R$         60,00"
Konemann,"R$         60,00"
KONEMANN,"R$         60,00"
Konemann,"R$         60,00"
Konemann,"R$         60,00"
Konemann,"R$         60,00"
"Linares, Marina","R$       212,00"
"Serrats, Marta","R$         99,00"
Catherine Laulhère,"R$         99,00"
"Kiecol, Daniel","R$         99,00"
"Gunther, Katrin","R$         99,00"
"Padberg, Martina","R$         99,00"
"Gutiérrez, Manel","R$       212,00"
"Alonso, Claudia Martinez","R$       212,00"
Vários autores,"R$       132,00"
"Soley, Mireia Casanovas","R$         86,00"
"Alonso, Claudia Martinez","R$       212,00"
"Christoph, Henning; Mat","eRl,$ M    a  r 3k9u6s;, 0P0hi"
"Runkel, Michael","R$       146,00"
Emma Hansen,"R$       396,00"
"Hansen, Emma; Dangel","aRie$r ,  R  u  3t9h6,00"
Martina Padberg,"R$       396,00"
"Cristian, Campos","R$       172,00"
"Alonso, Claudia Martinez","R$       212,00"
"Bernhard, Udo; Klenlin, S","bRr$i n  e    V 3o9n6,00"
"Wheeler, Donna","R$       396,00"
Maria Keiling,"R$       212,00"
"Serrats, Marta","R$         99,00"
"Sassmannshausen, Katja;","SRc$h e  u  ,  1T4h6il,o00"
"Boiselle, Gabriele","R$       317,00"
Uta Hasekamp,"R$       212,00"
9781873913406,THE OLYMPIC ALBUM,Mary Osborne
9783741919817,THE WORLD AROUND 1900,"SORGES, JURGEN"
9783741920752,THE WORLD'S MOST BEATIFUL HORSES,"Boiselle, Gabriele"
9783741920769,THE WORLD'S MOST BEATIFUL HORSES,"Boiselle, Gabriele"
9783955886714,TIEPOLO,"Kiecol, Daniel"
9783741921520,TINA HAASE,Koenemann
9783741921025,TINTORETTO,Ruth Dangelmaier
9783741921056,TINY HOMES,"Hauser, Kleine"
9783955886745,TOULOUSE LAUTREC,"Duchting, Hajo"
9783741920554,TREE HOUSES,Claudia Martinez Alonso
9783955881146,TURNER,"Padberg, Martina"
9788499367781,URBAN LANDSCAPE,"Triquell, Aitana Lleonart"
9783741919848,VERMEER,"Menzel, Kristina"
9783741924248,VIENNA 1900 WIEN,"Nentwig, Janina"
9783741923630,VINTAGE GARDENING,"Lund, Gladman Iben"
9783955880101,VINTAGE INDUSTRIAL INTERIORS INT,"Alonso, Claudia Martinez"
9783864072277,VIVENDAS PRE FABRICADAS,Vários autores
9783741924781,VOODOO RAINBOW,"Christoph, Henning; Phili"
9783955880071,WATER LILLES INT,LINARES. MARINA
9783864073618,WOOD HOUSES,Vários autores
9783864073595,WOOD HOUSES,Vários autores
9783864073588,WOOD HOUSES,Vários autores
9788499363738,WOOD HOUSES 2,"Alonso, Claudia Martinez"
9783833160974,365 PECES (GRANDE) E,"Kotai, Tamas"
9783848000678,ACCESORIOS MODERNOS PARA EL HOGAR GB/E/P,VARIOS
9783848000685,ACESSORIOS MODERNOS PARA O LAR P,Vários autores
9783833145933,ANIMAL AFFAIRS GB,"Koch, Hans-Jurgen"
9783833152245,ARCHITECTURE COMPACT AGUA GB/E/P,"Fischer, Joaquim"
9783833152191,ARCHITECTURE COMPACT CONCRETE GB/E/P,"Fischer, Joaquim"
9783833154621,ARCHITECTURE COMPACT CORES GB/E/P,"Linz, Barbara"
9783833152221,ARCHITECTURE COMPACT LUZ GB/E/P,"Fischer, Joaquim"
9783833152214,ARCHITECTURE COMPACT MADEIRA GB/E/P,"Linz, Barbara"
9783833152238,ARCHITECTURE COMPACT PAPEL PINTADO P/E,"Fischer, Joaquim"
9783833152207,ARCHITECTURE COMPACT VIDRO GB/E/P,"Linz, Barbara"
9783833154485,ART E ARCH BERLIN GB E,"Abenstein, Edelgard"
9783833135569,ART E ARCH NEOCLASSICISM E ROMANTICISM,"Toman, Rolf"
9783833155185,ART POCKET A ARTE NOVA P,"Heyl, Anke Von"
9783833153419,ART POCKET ARTE DIGITAL P,"Lieser, Wolf"
9783833155192,ART POCKET GOTICO P,"Schmidlin, Clemens"
9783833155208,ART POCKET IMPRESSIONISMO P,"Padberg, Martina"
9783833157608,ARTE DIGITAL P,"Lieser, Wolf"
9783833156267,ASIAN DESIGN DESTINATIONS GB E I P,"Ballmann, Karen"
9783833155307,CIENTIFICA P,"Glanville, Allan R."
9783833160615,CITY FASHION BERLIN E/P,"BIERHALS, CHRISTINE"
9783848008667,CLEAN EATING GB,"Frey, Hannah"
9783833161520,COMIDA DE RUA P,"Esposito, Fabrizio"
9783848006809,CONSERVAS CASERAS E,"Bojs, Karin"
9783833131028,CORDON BLEU PASTELARIA P,Vários autores
9783833131905,CORDON BLEU PRATOS DE INVERNO P,Vários autores
9783833121920,CURIOUS MOMENTS INT,"Neubauer, Hendrik"
Mary Osborne,"R$       363,00"
"SORGES, JURGEN","R$       251,00"
"Boiselle, Gabriele","R$       330,00"
"Boiselle, Gabriele","R$       330,00"
"Kiecol, Daniel","R$         99,00"
Koenemann,"R$         99,00"
Ruth Dangelmaier,"R$         99,00"
"Hauser, Kleine","R$       212,00"
"Duchting, Hajo","R$         99,00"
Claudia Martinez Alonso,"R$         99,00"
"Padberg, Martina","R$         99,00"
"Triquell, Aitana Lleonart","R$       330,00"
"Menzel, Kristina","R$         99,00"
"Nentwig, Janina","R$       146,00"
"Lund, Gladman Iben","R$       159,00"
"Alonso, Claudia Martinez","R$       212,00"
Vários autores,"R$       212,00"
"Christoph, Henning; Phili","pR,$ S  c  h  i 1e4m6a,0n0n"
LINARES. MARINA,"R$       212,00"
Vários autores,"R$       172,00"
Vários autores,"R$       172,00"
Vários autores,"R$       172,00"
"Alonso, Claudia Martinez","R  $        363,00"
"Kotai, Tamas","R$       132,00"
VARIOS,"R$       528,00"
Vários autores,"R$       436,00"
"Koch, Hans-Jurgen","R$       291,00"
"Fischer, Joaquim","R$       146,00"
"Fischer, Joaquim","R$       146,00"
"Linz, Barbara","R$       146,00"
"Fischer, Joaquim","R$       146,00"
"Linz, Barbara","R$       146,00"
"Fischer, Joaquim","R$       146,00"
"Linz, Barbara","R$       146,00"
"Abenstein, Edelgard","R$       462,00"
"Toman, Rolf","R$       185,00"
"Heyl, Anke Von","R$       132,00"
"Lieser, Wolf","R$       132,00"
"Schmidlin, Clemens","R$       132,00"
"Padberg, Martina","R$       132,00"
"Lieser, Wolf","R$       264,00"
"Ballmann, Karen","R$       436,00"
"Glanville, Allan R.","R$       462,00"
"BIERHALS, CHRISTINE","R$       132,00"
"Frey, Hannah","R$       185,00"
"Esposito, Fabrizio","R$       159,00"
"Bojs, Karin","R$       132,00"
Vários autores,"R$         53,00"
Vários autores,"R$         53,00"
"Neubauer, Hendrik","R$       146,00"
9783833111464,"DECADES OF THE 20TH CENT, 1910 INT","Yapp, Nick"
9783848008827,DETOX SMOOTHIES GB,"Maranik, Eliq"
9783833112980,DRIVE BY SHOOTINGS,"Bradford, David F."
9783833154614,ECODESIGN IEP,"Barbero, Silvia"
9783833114786,EL LENGUAJE CANINO,Varios
9783833163777,EL MODERNISMO E,"FAHR-BECKER, GABRIELE"
9783833150500,EL MUEBLE MODERNO,"Mehlhose, Andrea"
9783848001859,EL MUNDO AL MICROSCOPIO E,"Coquart, Julie"
9783833114779,EL VETERINARIO EN CASA,Vários autores
9783833149931,FA PINTURA DECORATIVA DE PAREDES P,"Pujol-Xicoy, Reyes"
9783833145384,FA PINTURA SOBRE SEDA P,"Morgades, Concha"
9783833152177,FD CARS THE EARLY YEARS GB/E/P,Laban. Brian
9783833154911,FD MERCEDES SPORT GB/E/P,"Schlegelmilch, Rainer W."
9783833152184,FD TRAINS  THE EARLY YEARS GB/E/P,Cole. Beverley
9783833180606,FQ I CHING  O CAMINHO DA SABEDORIA P,"Chu, Wen-Kuang"
9783833180613,FQ IOGA  O CAMINHO DA HARMONIA P,"Picozzi, Michele"
9783833180637,FQ ZEN  O CAMINHO DA VERDADE P,"Sahn, Seung"
9783848008711,FRIENDLY FOOD FROM BREAKFAST TO DESSERT,"Göransson, Hanna"
9783848005895,GALLETAS Y PASTAS NAVIDENAS E,Vários autores
9783833153235,GP FAUNA (SMALL) GB/F/D,Varios
9783833115943,GP FRENCH FLOWERS,Varios
9783833153242,GP GRAPHICS (SMALL) GB/F/D,Varios
9783833153259,GP HOME + GARDEN (SMALL) GB/F/D,Varios
9783833153273,GP ORNAMENTS (SMALL) GB/F/D,Varios
9783829038980,GP PAISLEY PU 30,Varios
9783848000647,GUIA DE ESTILO PARA EL HOMBRE E,"Roetzel, Bernhard"
9783833122804,GUIDE TO HUNTING DOGS,"ROSSIGNOL, CLAUDE"
9783848006953,HAMBURGUESAS E,"Drouet, Valery / Viel, Pie"
9783833147784,HISTORIA DA ARQUITETURA CONTEMPORANEA P,"Tietz, Jurgen"
9783833148231,HISTORIA DAS INVENCOES,"Mahajan, Shobhit"
9783848008636,HOMEMADE PRESENTS,"Busch, Marlies"
9783848000661,HOMES ON THE MOVE E/P,"Nappo, Donato"
9783833155949,"ISLAS ARQUIT, CONTEMP, SOBRE EL AGUA","Fletcher, Mark"
9783848007547,JAPANESE CUISINE FOR BEGINNERS,"Kie, Laure"
9783833153587,"LA NATURALEZA EN EUROPA ENCICLOP,VISUAL","ANDERA, MILOS"
9783833148910,LIGHT / LUMIERE INT,"FISCHER, JOACHIM"
9789076886459,LIGHT IN ARCHITECTURE,"Verges, Mireia"
9783833156397,MAFIA E,"SHANTY, FRANK"
9783833154171,MALAKHOV,"Blum, Dieter"
9783833137433,MASTERS WATTEAU GB,"SUPAN, HELMUT BORSC"
9783833123443,MEDITERRANEAN CUISINE TUNISIA GB,Varios
9783829066563,MINI COZINHA  BOLOS P/ FESTAS INFANTIS,"WILSON, ANNE"
9783833126383,MINI COZINHA  COZINHA CHINESA,"WILSON, ANNE"
9783833126987,MINI COZINHA  MASSAS PERFEITAS,"WILSON, ANNE"
9783833127038,MINI COZINHA  PRATOS CLASSICOS DE ARROZ,"WILSON, ANNE"
9783833126581,MINI COZINHA  RECETAS SABOROSAS FRANGO,"WILSON, ANNE"
9783833127281,MINI COZINHA  REFEICOES LIGEIRAS,"WILSON, ANNE"
9783833125249,MINIGUIA ISLAM GB,"HATTSTEIN, MARKUS"
9783833160882,MISION LA TIERRA D/GB/F/E,"Lorenzen, Dirk H."
9783833140358,ORNAMENTS PATTERNS FOR INTERIOR DECORATI,"Kubisch, Natascha"
"Yapp, Nick","R$         73,00"
"Maranik, Eliq","R$       146,00"
"Bradford, David F.","R$       132,00"
"Barbero, Silvia","R$       462,00"
Varios,"R$         60,00"
"FAHR-BECKER, GABRIELE","R$       132,00"
"Mehlhose, Andrea","R$       528,00"
"Coquart, Julie","R$       291,00"
Vários autores,"R$         60,00"
"Pujol-Xicoy, Reyes","R$         73,00"
"Morgades, Concha","R$         73,00"
Laban. Brian,"R$       330,00"
"Schlegelmilch, Rainer W.","R$       212,00"
Cole. Beverley,"R$       330,00"
"Chu, Wen-Kuang","R$         93,00"
"Picozzi, Michele","R$         93,00"
"Sahn, Seung","R$         93,00"
"Göransson, Hanna","R$       146,00"
Vários autores,"R$         93,00"
Varios,"R$         73,00"
Varios,"R$         60,00"
Varios,"R$         73,00"
Varios,"R$         73,00"
Varios,"R$         73,00"
Varios,"R$         60,00"
"Roetzel, Bernhard","R$       146,00"
"ROSSIGNOL, CLAUDE","R$         73,00"
"Drouet, Valery / Viel, Pie","rRe $L o  u   i 1s 3  2  , 0   0"
"Tietz, Jurgen","R$         73,00"
"Mahajan, Shobhit","R$         73,00"
"Busch, Marlies","R$       185,00"
"Nappo, Donato","R$       159,00"
"Fletcher, Mark","R$       462,00"
"Kie, Laure","R$       146,00"
"ANDERA, MILOS","R$       185,00"
"FISCHER, JOACHIM","R$       146,00"
"Verges, Mireia","R$       251,00"
"SHANTY, FRANK","R$       278,00"
"Blum, Dieter","R$       449,00"
"SUPAN, HELMUT BORSC","R$         73,00"
Varios,"R$       132,00"
"WILSON, ANNE","R$         15,00"
"WILSON, ANNE","R$         15,00"
"WILSON, ANNE","R$         15,00"
"WILSON, ANNE","R$         15,00"
"WILSON, ANNE","R$         15,00"
"WILSON, ANNE","R$         15,00"
"HATTSTEIN, MARKUS","R$         47,00"
"Lorenzen, Dirk H.","R$       238,00"
"Kubisch, Natascha","R$       304,00"
9783833150036,PAPER TOYS P,"Chetcuti, François"
9783833163784,"PROVENZA  ARQUIT,, ARTE, PAISAJE E","TOMAN, ROLF"
9783848002399,SAPATOS,"O'Keeffe, Linda"
9783833114762,SINTOMAS Y SOLUCIONES,"Hoffman, Matthew"
9783833140488,SOUTHEAST ASIA SPECIALTIES CULINARY,Varios
9783833146282,SURVIVORS GB,"Neubauer, Hendrik"
9783848008315,THE WORLDS MOST FAMOUS MARATHONS,"Aiello, Enrico"
9783833146237,THINKERS OF THE JUNGLE,"Schuster, Gerd"
9783833157004,TOKYO CLASH GB/E/P,"Bahren, Ralf"
9783833145988,TRUCOS CANINOS E,"Haggerty, Arthur"
9783848007158,VEGAN SMOOTHIES,"Maranik, Eliq"
9783833114489,WHISKY ESCOCES Y DE MALTA,"LERNER, DANIEL"
9788494115455,CARDINAL AMER BAKERY PAST,"CONN, MARIA PILAR"
9788494115448,CERVEZA MANIA,"TRIVINO, SANTI"
9788494115417,CREATICITY E/GB,"POCH, ARCADI / POCH,"
9788494115424,RESIN TOYS! E,"BOU, LOUIS"
9781934429082,THE CONTACT SHEET SC,"CRIST, STEVE"
9788494115400,THE DOLL HOUSE E,"BOU, LOUIS"
9788494115431,URBAN CREATIVITY EXPERIENCE E/GB,"POCH, ARCADI / POCH,"
9789728819781,BOM GOSTO MANJARES DE FESTA,FABIO BRAMBILLA
9788879061728,GAY LIVING,"BASSO, GIANNI"
9789728819583,GUIA DE RECEITAS CHOCOLATE,VARIOS
9789728819590,"GUIA DE RECEITAS MASSAS ORIENT, E ARROZ",VARIOS
9789896240073,"MUNDO DA CULINARIA COZ, DA ESCANDINAVIA","MAXWELL, SONIA"
9789727911776,"GUIA DAS COSTAS, DOS OSSOS E DAS DORES","Davies, kim"
9789728418465,HOMENS RETRATOS DE AMOR,"Jones, Anderson"
9789727911332,MEU PRIMEIRO ANIMAL DE ESTIMACAO,"Francais, Isabelle"
9789727910038,VIDA SEXUAL DAS DIVAS DE HOLLY,"Cawthorne, Nigel"
4050847002893,ACEPIPES PARA FESTAS,NGV
9783862331055,"AEROPORTO, O",VARIOS
4260099210247,ANIMAIS RECORDISTAS EM 3D,VARIOS
4050847003319,BATERIA  NOCOES BASICAS COM CD,"STEIN, OLAF"
9783625129943,BOLOS E TARTES,Varios
9783862331048,"BOMBEIROS, OS",VARIOS
9783862331062,CAVALOS E PONEIS,VARIOS
4260099210230,CAVALOS E PONEIS EM 3D,VARIOS
4007148002091,CHARADAS INFANTIS P COLORIR  CAVALOS,VARIOS
4007148002152,CHARADAS INFANTIS P COLORIR  PIRATAS,"ORTEGA, CHRISTIAN"
9783625130550,DIETA DISSOCIADA,VARIOS
4260099210216,"ESCAVADORAS, CAMIOES, TRACTORES EM 3D",VARIOS
4050847003296,GUITARRA ELECTRICA  NOCOES BASICAS CD,"WALTER, FRANK"
9783625130840,JARDINS AQUATICOS,"WEIDENWEBER, CHRISTI"
9783867751254,LIVRO AUTOCOLANTES CAVALOS,VARIOS
9783867751247,LIVRO AUTOCOLANTES TRACTORES,VARIOS
8436026772089,LIVRO COM AUTOCOLANTES DISNEY,Varios
8436026772164,LIVRO COM AUTOCOLANTES PRINCESA,Varios
8436026772201,LIVRO COM AUTOCOLANTES WINNIE,Varios
4007148002145,LIVRO PARA COLORIR  OS PIRATAS,"ORTEGA, CHRISTIAN"
8436026771921,LIVRO PINTAR DISNEY,Varios
8436026772003,LIVRO PINTAR PRINCESAS,Varios
"Chetcuti, François","R$       238,00"
"TOMAN, ROLF","R$       146,00"
"O'Keeffe, Linda","R$         80,00"
"Hoffman, Matthew","R$         73,00"
Varios,"R$       146,00"
"Neubauer, Hendrik","R$       304,00"
"Aiello, Enrico","R$       185,00"
"Schuster, Gerd","R$       264,00"
"Bahren, Ralf","R$       132,00"
"Haggerty, Arthur","R$       146,00"
"Maranik, Eliq","R$       146,00"
"LERNER, DANIEL","R$         73,00"
"CONN, MARIA PILAR","R$       146,00"
"TRIVINO, SANTI","R$       146,00"
"POCH, ARCADI / POCH,","ARN$IE  L  A   119,00"
"BOU, LOUIS","R$       132,00"
"CRIST, STEVE","R$       132,00"
"BOU, LOUIS","R$       119,00"
"POCH, ARCADI / POCH,","ARN$IE  L  A   119,00"
FABIO BRAMBILLA,"R$       159,00"
"BASSO, GIANNI","R$       304,00"
VARIOS,"R$         80,00"
VARIOS,"R$         80,00"
"MAXWELL, SONIA","R$         88,00"
"Davies, kim","R$       185,00"
"Jones, Anderson","R$       172,00"
"Francais, Isabelle","R$       102,00"
"Cawthorne, Nigel","R$         88,00"
NGV,"R$         88,00"
VARIOS,"R$         73,00"
VARIOS,"R$         88,00"
"STEIN, OLAF","R$         60,00"
Varios,"R$         47,00"
VARIOS,"R$         73,00"
VARIOS,"R$         73,00"
VARIOS,"R$         88,00"
VARIOS,"R$         47,00"
"ORTEGA, CHRISTIAN","R$         47,00"
VARIOS,"R$       102,00"
VARIOS,"R$         88,00"
"WALTER, FRANK","R$         47,00"
"WEIDENWEBER, CHRISTI","ER $           73,00"
VARIOS,"R$         47,00"
VARIOS,"R$         47,00"
Varios,"R$         47,00"
Varios,"R$         47,00"
Varios,"R$         47,00"
"ORTEGA, CHRISTIAN","R$         47,00"
Varios,"R$         47,00"
Varios,"R$         47,00"
8436026772041,LIVRO PINTAR WINNIE,Varios
9783625130567,"NOVA DIETA MODULAR, A",Naumann
9783862331024,"OBRAS, AS",VARIOS
9783867754576,PINTAR POR NUMEROS AZUL,VARIOS
9783867754569,PINTAR POR NUMEROS VERMELHO,VARIOS
9783625130895,RECEITAS RAPIDAS  CARNE E PEIXE,NGV
9783625130901,RECEITAS RAPIDAS  MASSAS E LEGUMES,NGV
9783625133261,"SABER ACTUAL  FORCAS DA NATUREZA, AS","GLASER, BIRGIT"
9783625133254,"SABER ACTUAL  NOSSO CORPO, O","OSWALD, CATHLEEN"
9783625133216,"SABER ACTUAL  PLANETA TERRA, O","MIELKE, RITA"
9783625133278,SABER ACTUAL  RELIGIOES DO MUNDO,"SONNABEND, HOLGER"
4050847001582,TRICOTAR  OS MODELOS MAIS BONITOS,"WEINOLD, HELENE"
9783625127642,UM DIA DE DIETA,"PLOOG, SUSANNE"
9788496805750,A COR NA ILUSTRACAO DE MODA,Vários autores
9788599905623,AS JOIAS DO REI PELE,Celso De Campos Jr.
9788496805873,ATLAS DE ACESSORIOS DE MODA,"Ansensio, Paco"
9788496805866,ATLAS DE JOIAS CONTEMPORANEAS,"Arroyo, Natalio Martin"
9788496936591,BEACH CLUBS,"Lleonart, Aitana"
9783833157936,CAIXA DE RECEITAS CHOCOLATES E PRALINES,Vários autores
9783833157998,CAIXA DE RECEITAS TARTES E BOLOS,Vários autores
8418499361113,COLECAO ESPACOS PEQUENOS 4 VLS,"SCHILEIFER, SIMONE K."
9783833157851,"COMPACTO CULIN, BOLOS E SOBREMESAS",Vários autores
9783833161353,"COMPACTO CULIN, CHOCOLATE",Vários autores
9783833157912,"COMPACTO CULIN, LEGUMES",Vários autores
9783833157882,"COMPACTO CULIN, MASSAS",Vários autores
9783833161377,"COMPACTO CULIN, SOPAS",VARIOS
9783848001378,ESSENCIAL PEIXE E MARISCO,"Nunes, Adiana"
9783833132452,ESSENCIAL SOBREMESAS,Vários autores
9788496936621,HOUSES IN SPETACULAR SETTINGS,"Paredes, Cristina"
9788496805781,ILUSTRACAO DE MODA,"Lafuente, Maite"
9788496805774,ILUSTRACAO DE MODA DETALHES,"Lafuente, Maite"
9788496805767,ILUSTRACAO DE MODA MASCULINA,"Wayne, Chidy"
9788496936669,INTERIOR ARCHITECTURE,"Schleifer, Simone"
5600818930053,"JARDINS DO ORIENTE, MANDALAS ANTI STRESS",Vários autores
9788496936638,LIVING SMALL SPACES,"Campos, Cristian"
9788496936713,MODERN INTERIOR DESIGN,"Schleifer, Simone"
9788499367170,PEQUENOS ESCRITORIOS,"Etchetto, Mariana R. Egu"
9788499367187,PEQUENOS QUARTOS PARA CRIANCAS,"Etchetto, Mariana R. Egu"
9788496936690,PRACTICAL IDEAS FOR KITCHENS E BATHROOMS,"Schleifer, Simone"
9788496936645,REMODELING COUNTRY HOMES,"Zamora, Francesc"
9788496936676,RENOVATING FOR LIVING,"Schleifer, Simone"
9788496936706,SMALL CITY APARTMENTS,"Schleifer, Simone"
9788499367279,SOLUCOES PARA O SEU LAR,"Schleifer, Simone"
9788496936607,"SPA BEAUTY, HEALTH E DESIGN","Quartino, Daniela Santos"
9788499367255,VIVER EM ESPACOS PEQUENOS,"Schleifer, Simone"
5602227308287,100 IDEIAS QUE MUDARAM O MUNDO,VARIOS
9789723322767,100 PERFUMES DE SEMPRE,"Girard-Lagorce, Sylvie"
9789896261856,A BIBLIA  HISTORIAS DE DEUS,VARIOS
5600818930077,ALICE NO PAIS DAS MARAVILHAS 4 TITULO,"Caroll, Lewis"
5602841070218,"BIBLIA, O LIVRO DOS LIVROS 12 VOLUMES",Vários autores
Varios,"R$         47,00"
Naumann,"R$       106,00"
VARIOS,"R$         73,00"
VARIOS,"R$         47,00"
VARIOS,"R$         47,00"
NGV,"R$         73,00"
NGV,"R$         73,00"
"GLASER, BIRGIT","R$         93,00"
"OSWALD, CATHLEEN","R$         93,00"
"MIELKE, RITA","R$         93,00"
"SONNABEND, HOLGER","R$         93,00"
"WEINOLD, HELENE","R$         47,00"
"PLOOG, SUSANNE","R$       106,00"
Vários autores,"R$       106,00"
Celso De Campos Jr.,"R$       278,00"
"Ansensio, Paco","R$       198,00"
"Arroyo, Natalio Martin","R $       198,00"
"Lleonart, Aitana","R$       119,00"
Vários autores,"R$         66,00"
Vários autores,"R$         66,00"
"SCHILEIFER, SIMONE K.","R$       146,00"
Vários autores,"R$         40,00"
Vários autores,"R$         40,00"
Vários autores,"R$         40,00"
Vários autores,"R$         40,00"
VARIOS,"R$         40,00"
"Nunes, Adiana","R$       119,00"
Vários autores,"R$       119,00"
"Paredes, Cristina","R$       119,00"
"Lafuente, Maite","R$       106,00"
"Lafuente, Maite","R$       106,00"
"Wayne, Chidy","R$       106,00"
"Schleifer, Simone","R$       119,00"
Vários autores,"R$         40,00"
"Campos, Cristian","R$       119,00"
"Schleifer, Simone","R$       251,00"
"Etchetto, Mariana R. Egu","rRa$s         73,00"
"Etchetto, Mariana R. Egu","rRa$s         73,00"
"Schleifer, Simone","R$       119,00"
"Zamora, Francesc","R$       119,00"
"Schleifer, Simone","R$       119,00"
"Schleifer, Simone","R$       119,00"
"Schleifer, Simone","R$         73,00"
"Quartino, Daniela Santos","R$       119,00"
"Schleifer, Simone","R$         73,00"
VARIOS,"R$       304,00"
"Girard-Lagorce, Sylvie","R$       146,00"
VARIOS,"R$       106,00"
"Caroll, Lewis","R$       146,00"
Vários autores,"R$       146,00"
9789896320447,BOSSA NOVA  BADEN POWELL + CD,"CASTRO, RUY"
9789896320485,BOSSA NOVA  CARLOS LYRA + CD,"CASTRO, RUY"
9789896320508,BOSSA NOVA  JOAO DONATO + CD,"CASTRO, RUY"
9789896320430,BOSSA NOVA  JOHNNY ALF + CD,"CASTRO, RUY"
9789896320522,BOSSA NOVA  JOYCE + CD,"CASTRO, RUY"
9789896320553,BOSSA NOVA  LENY ANDRADE + C,"CASTRO, RUY"
9789896320492,BOSSA NOVA  MARCOS VALLE + CD,"CASTRO, RUY"
9789896320461,BOSSA NOVA  MAYSA + CD,"CASTRO, RUY"
9789896320546,BOSSA NOVA  MILTON BANANA TRIO + CD,"CASTRO, RUY"
9789896320454,BOSSA NOVA  MIUCHA + CD,"CASTRO, RUY"
9789896320423,BOSSA NOVA  NARA LEAO + CD,"CASTRO, RUY"
9789896320515,BOSSA NOVA  ROBERTO MENESCAL + CD,"CASTRO, RUY"
9789896320478,BOSSA NOVA  SYLVIA TELLES + CD,"CASTRO, RUY"
9789896320539,BOSSA NOVA  WILSON SIMONAL + CD,"CASTRO, RUY"
9789723323894,CAPOEIRA  ARTES MARCIAIS,Vários autores
9789896262372,CARTA A UM FILHO,"Kipling, Rudyard; Evange"
5600818930718,COL CONTOS EROTICOS (10 TITULOS),Vários autores
9788498993356,COL MUSICA CLASSICA  HAYDN,VARIOS
5605290116193,COLECAO ARTE MODERNA E CONTEMPORANEA,Vários autores
5602227308805,COLECAO COZINHA DE ESTACAO,Vários autores
9789899985841,FATIMA  CEM ANOS 13 MEMORIAS,"Coto, Manuel"
9789899545984,"FRANK SINATRA  THE GOLDEN YEARS VOL,1",VÁRIOS
9789898179074,"FRANK SINATRA  THE GOLDEN YEARS VOL,10",VÁRIOS
9789898179081,"FRANK SINATRA  THE GOLDEN YEARS VOL,11",VÁRIOS
9789899545991,"FRANK SINATRA  THE GOLDEN YEARS VOL,2",VÁRIOS
9789898179005,"FRANK SINATRA  THE GOLDEN YEARS VOL,3",VÁRIOS
9789898179012,"FRANK SINATRA  THE GOLDEN YEARS VOL,4",VÁRIOS
9789898179029,"FRANK SINATRA  THE GOLDEN YEARS VOL,5",VÁRIOS
9789898179036,"FRANK SINATRA  THE GOLDEN YEARS VOL,6",VÁRIOS
9789898179043,"FRANK SINATRA  THE GOLDEN YEARS VOL,7",VÁRIOS
9789898179050,"FRANK SINATRA  THE GOLDEN YEARS VOL,8",VÁRIOS
9789898179067,"FRANK SINATRA  THE GOLDEN YEARS VOL,9",VÁRIOS
9789898508317,KLASSICOS  A QUEDA DUM ANJO,"Branco, Camilo Castelo"
9789898508393,KLASSICOS  CLEPSYDRA,"Pessanha, Camila"
9789898508201,KLASSICOS  FADO,"Regio, Jose"
9789898508379,KLASSICOS  FANNY OWEN,"Bessa-Luis, Augustina"
9789898508256,KLASSICOS  K4 O QUADRADO AZUL,"Negreiros, Jose De Almei"
9789898508263,KLASSICOS  LUSIADAS,"Camoes, Luis De"
9789898508270,KLASSICOS  MENSAGEM,"Pessoa, Fernando"
9789898508294,KLASSICOS  O ARCO DE SANT ́ ANA,"Garrett, Almeida"
9789898508164,KLASSICOS  O BOBO,"Herculano, Alexandre"
9789898508232,KLASSICOS  PATRIA,"Junqueira, Guerra"
9789898508386,KLASSICOS  SERMAO STO ANTONIO AOS PEIXE,"Vieira, Padre Antonio"
9789898508331,KLASSICOS  SO,"Nobre, Antonio"
9789896122294,"LUGARES A EXPLORAR UMA VEZ NA VIDA VOL,1","Watkins, Steve"
9789728892333,MAIS FADOS E COMPANHIA,"Moura, Vasco Graca"
9788498990119,MESTRES DA FOTOGRAFIA  EDOUARD BOUBAT,VARIOS
9788498990218,MESTRES DA FOTOGRAFIA  MARGARET BOURKE,VARIOS
9788498990171,MESTRES DA FOTOGRAFIA  WILLIAM KLEIN,VARIOS
9788498990201,MESTRES DA FOTOGRAFIA  WILLY RONIS,VARIOS
"CASTRO, RUY","R$         40,00"
"CASTRO, RUY","R$         40,00"
"CASTRO, RUY","R$         40,00"
"CASTRO, RUY","R$         40,00"
"CASTRO, RUY","R$         40,00"
"CASTRO, RUY","R$         40,00"
"CASTRO, RUY","R$         40,00"
"CASTRO, RUY","R$         40,00"
"CASTRO, RUY","R$         40,00"
"CASTRO, RUY","R$         40,00"
"CASTRO, RUY","R$         40,00"
"CASTRO, RUY","R$         40,00"
"CASTRO, RUY","R$         40,00"
"CASTRO, RUY","R$         40,00"
Vários autores,"R$         73,00"
"Kipling, Rudyard; Evange","isRta$,  M    a 1u0r6o, 0 0"
Vários autores,"R$       146,00"
VARIOS,"R$         73,00"
Vários autores,"R$       291,00"
Vários autores,"R$       205,00"
"Coto, Manuel","R$       146,00"
VÁRIOS,"R$         40,00"
VÁRIOS,"R$         40,00"
VÁRIOS,"R$         40,00"
VÁRIOS,"R$         40,00"
VÁRIOS,"R$         40,00"
VÁRIOS,"R$         40,00"
VÁRIOS,"R$         40,00"
VÁRIOS,"R$         40,00"
VÁRIOS,"R$         40,00"
VÁRIOS,"R$         40,00"
VÁRIOS,"R$         40,00"
"Branco, Camilo Castelo","R  $         40,00"
"Pessanha, Camila","R$         27,00"
"Regio, Jose","R$         27,00"
"Bessa-Luis, Augustina","R$         40,00"
"Negreiros, Jose De Almei","aR $           27,00"
"Camoes, Luis De","R$         40,00"
"Pessoa, Fernando","R$         27,00"
"Garrett, Almeida","R$         40,00"
"Herculano, Alexandre","R $         40,00"
"Junqueira, Guerra","R$         40,00"
"Vieira, Padre Antonio","R$         27,00"
"Nobre, Antonio","R$         40,00"
"Watkins, Steve","R$         53,00"
"Moura, Vasco Graca","R$         53,00"
VARIOS,"R$         73,00"
VARIOS,"R$         73,00"
VARIOS,"R$         73,00"
VARIOS,"R$         73,00"
9789899967885,OS BASICOS DA COZINHA VEGANA,"Dias, Maria De Oliveira"
9789728892326,PARA UMA HISTORIA DO FADO,"Nery, Rui Vieira"
9789899967892,SINATRA 100 ANOS 3 VOLUMES,Vários autores
9789892069227,VESPA  A HISTORIA DE UM ICONE ITALIANO,"Mendonca, Teresa"
9789896122317,"VIAGENS A FAZER UMA VEZ NA VIDA VOL,1","Watkins, Steve"
9789896122324,"VIAGENS A FAZER UMA VEZ NA VIDA VOL,2","Watkins, Steve"
9788496449718,1000 PISTAS PARA DISENAR CDS,"VILASECA, ESTEL"
9788496449091,1000 RECETAS RAPIDAS DE CONCINA INTERNAC,"DARBONNE , CAROLINE"
9788496099999,AMBIENTES LUZ Y COLOR EN LA DECORACION,"ASENSIO, FRANCISCO"
9788495832542,APARTAMENTOS DE DISENO,"CHENG, KELLEY"
9782752801487,APENAS VESTIDA,"PIVETEAU, ELODIE"
9788496449671,ARQUITECTURA DE TEMPLOS SAGRADOS,"BENITAZ, CRISTINA PARE"
9788496099418,ATMOSFERAS ACOGEDORAS HABITACIONES,"LAWSON, JESSICA"
9788495832825,CIBERCAFE  ESPACIOS PARA NAVEGAR,"DURAN, SERGI COSTA"
9788844016340,FERRARI  EIN MYTHOS,"MASSARO, SERGIO"
9788489162693,FLUOR,"Aláez, Ana Laura"
9788495183910,LA EDAD MAS BELLA,VARIOS
9781407505770,LAS MEJORES RECETAS CON HUEVO,Varios
9788496449794,MEGA MALLS  CENTROS COMERCIALES,"JAJARDO, JULIO"
9788496449114,MENSAJES DEL BEBE,"CRUZ, MANUEL"
9788493486129,NIKLAUS TROKLER,VARIOS
9788496449329,OMEGA 3 LA SALUD EN LA COCINA,"AALTEN, MARGRIET VAN"
9788496449589,PACKAGING LOS MEJORES DISENOS,"SERRATS, MARTA"
9788493486143,PIERRE BERNARD,VARIOS
9788495692993,RINCONES ACOGEDORES,"LAWSON, JESSICA"
9788495832504,TIENDAS Y SHOWROOMS,"CHENG, KELLEY"
9788496099043,TODO PARA EL BANO,"BUENO, PATRICIA"
9788496449800,UNIQUE WINDOWS DISPLAY,"SERRATS, MARTA"
9788493486167,WERNER JEKER,VARIOS
9783836581950,00040 AI WEIWEI  INT,
9783836565875,00040 ANDO IEP,
9783836582520,00040 ARAKI  INT,"Nobuyoshi, Araky"
9783836580960,"00040 BRUEGEL, PAINTINGS GB",
9783836582490,00040 HOCKNEY GB,"Holzwarth, Hans Werner"
9783836582636,00040 JAMIE HEWLETT INT,
9783836582865,"00040 LINDBERGH, FASHION IE",
9783836581257,00040 SCHIELE GB,
9783836584234,00040 TUTANKHAMUN  GB,"Vannini, Sandro"
9783822851869,"AD ARCH, SWITZERLAND IEP","Jodidio, Philip"
9783822851876,"AD ARCH, UNITED KINGDOM IEP","Jodidio, Philip"
9783822852590,"AD ARCH, UNITED STATES IEP","Jodidio, Philip"
9783822844076,AD JUJOL HC IEP,Jones Llinas
9783836535656,"BA ARCH, CALATRAVA  GB","Jodidio, Philip"
9783836546782,"BA ART, ABSTRACT ART GB",
9783836575027,"BA ART, GIGER  P",Giger
9783836503334,"BA ART, LEONARDO P","Zollner, Frank"
9783836569767,"BA MASTERPIECES, FACES OF POWER GB","Rainer; Hagen, Rose-Mar"
9783836522229,BU 100 ILLUSTRATORS  INT,
9783836557269,BU 100 INTERIORS WORLD  INT,
9783836549929,BU 1000 TATTOOS HC INT,"Riemschneider, Burkhar"
"Dias, Maria De Oliveira","R$       146,00"
"Nery, Rui Vieira","R$         93,00"
Vários autores,"R$       119,00"
"Mendonca, Teresa","R$       330,00"
"Watkins, Steve","R$         53,00"
"Watkins, Steve","R$         53,00"
"VILASECA, ESTEL","R$       304,00"
"DARBONNE , CAROLINE","R$       291,00"
"ASENSIO, FRANCISCO","R$       218,00"
"CHENG, KELLEY","R$       106,00"
"PIVETEAU, ELODIE","R$         93,00"
"BENITAZ, CRISTINA PARE","ERS$       251,00"
"LAWSON, JESSICA","R$       238,00"
"DURAN, SERGI COSTA","R$         93,00"
"MASSARO, SERGIO","R$         73,00"
"Aláez, Ana Laura","R$         93,00"
VARIOS,"R$       106,00"
Varios,"R$         60,00"
"JAJARDO, JULIO","R$       370,00"
"CRUZ, MANUEL","R$       146,00"
VARIOS,"R$       132,00"
"AALTEN, MARGRIET VAN","R$       238,00"
"SERRATS, MARTA","R$       317,00"
VARIOS,"R$       132,00"
"LAWSON, JESSICA","R$       218,00"
"CHENG, KELLEY","R$         93,00"
"BUENO, PATRICIA","R$       185,00"
"SERRATS, MARTA","R$       198,00"
VARIOS,"R$       132,00"
"","R$       304,00"
"","R$       304,00"
"Nobuyoshi, Araky","R$       304,00"
"","R$       304,00"
"Holzwarth, Hans Werner","R$       304,00"
"","R$       304,00"
"","R$       304,00"
"","R$       304,00"
"Vannini, Sandro","R$       304,00"
"Jodidio, Philip","R$       212,00"
"Jodidio, Philip","R$       212,00"
"Jodidio, Philip","R$       212,00"
Jones Llinas,"R$       185,00"
"Jodidio, Philip","R$       132,00"
"","R$       106,00"
Giger,"R$       132,00"
"Zollner, Frank","R$       132,00"
"Rainer; Hagen, Rose-Mar","eR$       132,00"
"","R$       212,00"
"","R$       212,00"
"Riemschneider, Burkhar","/R S$c  h  i f f 2m12ac,0h0er"
9783836549394,BU ALQUIMIA E MISTICISMO P,
9783836549325,BU ENCYCLOPAEDIA ANATOMICA IEP,"During, Monika Von / Po"
9783836547789,BU EROTICA UNIVERSALES INT  ***,"Neret, Gilles"
9783836561693,BU FILM NOIR GB,"Silver, Alain; Duncan, Pa"
9783836540537,BU FORBIDDEN EROTICA INT  ***,Vários autores
9783836562935,BU KLIMT P,"Natter, Tobias G."
9783836558020,BU MALE NUDE HC IEP  ***,"Leddick, David"
9783836520508,BU PIN UPS INT,"Driben, Peter"
9783836579865,BU POLAROID BOOK  IEP,"Hitchcock, Barbara; Crist"
9783836555401,"BU RACINET, THE COSTUME HISTORY GB","Tetart-Vittu, Francoise"
9783836581547,BU TIKI POP INT,"Kirsten, Sven"
9783836559577,BU VAN GOGH P,
9783836575911,CL A MAGIA DO MANUSCRITO P,
9783836563536,CL BAUHAUSMADELS INT,Patrick Rössier
9783836546515,CO 25 ARQUITECTURA DO SECULO XX P,"Gossel, Peter"
9783836573849,"CT TRADE CAT, I/2019 E",
9783836502580,EV ARTE DEL PAZ (PROFETA) E,"GIBRAN, KHALIL"
9783822827529,EV ARTE DEL SEXO RAPIDO E,"BLOCK, JOEL"
9783822845554,EV ATLAS DEL VIAJERO E,"Cooper, Gilly Cameron"
9783836511629,"EV ATLAS DEL VIAJERO N, AMERICA E","Dailey, Donna"
9783822858776,EV CACAS INT,"Toscani, OLIVIERO"
9783822856987,EV DIBUJAR E PINTAR MUNDOS DE FANTASIA,"COWAN, FINLAY"
9783822857892,EV DIGITALICESE E,"BARRETT, COLIN"
9783836508230,"EV ECO ARCHIT, NAT, FLAIR IEP","Weiter, Elke"
9783836503457,EV ELEMENTS COLORES IEP,"OJEDA, OSCAR RIERA"
9783836503433,EV ELEMENTS DETALLES IEP,"OJEDA, OSCAR RIERA"
9783836503396,EV ELEMENTS ESPACIOS IEP,"OJEDA, OSCAR RIERA"
9783836503419,EV ELEMENTS MATERIALES IEP,"OJEDA, OSCAR RIERA"
9783836516167,EV ELEVE SU COEFICIENTE DE INTELIGENCIA,"BRACEY, RON"
9783822865569,EV LIVRO DEL PERRO E,"Zaczek, Iain"
9783822851463,"EV LOFT, CASAS MINIMALISTAS IEP","SCHLEIFER, SIMONE"
9783836500029,EV MASAJE EROTICO E,"Hathaway, Charla"
9783836525183,EV O CODIGO SECRETO P,"Hemenway, Priya"
9783822810248,EV PAISES OESTE AMERICANO P (,"Montagu, Jean-Yves"
9783836516136,EV PENSAMIENTO CREATIVO E,"Eastaway, Rob"
9783836518680,EV RITOS DE LA VIDA IEP,"Ryman, Anders"
9783822838419,EV SEGREDOS DA TECNICA ALEXANDER P,"Mcdondald, Robert"
9783836530996,FO 25 LANTING PENGUIN E,"Lanting, Frans"
9783822838327,"FO 25 STUART VOL,2 IEP","Stuart, Roy"
9783822846391,FO ALISON JACKSON IEP,Vários autores
9783836569569,"FO AVEDON, NOTHING PERSONAL  E","Cebrián, Mercedes"
9783822818145,FO BABEL INT,Maria Eladia
9783836571517,"FO BALDWIN, FIRE NEXT TIME GB","James Baldwin , Steve Sc"
9783836572408,FO BRUCE TALAMON  INT,"Golden,Reuel / Cleage,P"
9783836585019,"FO CHAUBIN, STONE AGE  INT","Chaubin, Frédéric"
9783836565561,"FO GEDDES, SMALL WORLD IEP","Geddes, Anne; Hughes,"
9783836517843,FO HERBARIUM AMORIS P,"Mankell, Henning"
9783836521635,"FO HUANG, URBAN GIRLS IEP","Huang, Howard"
9783836572217,FO INSIDE NORTH KOREA INT,Oliver Wainwright; Julius
9783836568357,FO LAURENT BENAIM INT,Dian Hanson
"","R$       212,00"
"During, Monika Von / Po","gRe$s i ,   M   2a1r2ta,0  0"
"Neret, Gilles","R$       212,00"
"Silver, Alain; Duncan, Pa","l R$       212,00"
Vários autores,"R$       212,00"
"Natter, Tobias G.","R$       212,00"
"Leddick, David","R$       212,00"
"Driben, Peter","R$       212,00"
"Hitchcock, Barbara; Crist","SRt$e v  e    212,00"
"Tetart-Vittu, Francoise","R$       212,00"
"Kirsten, Sven","R$       212,00"
"","R$       212,00"
"","R$       423,00"
Patrick Rössier,"R$       423,00"
"Gossel, Peter","R$       370,00"
"","R$       159,00"
"GIBRAN, KHALIL","R$       192,00"
"BLOCK, JOEL","R$       106,00"
"Cooper, Gilly Cameron","R$       106,00"
"Dailey, Donna","R$       113,00"
"Toscani, OLIVIERO","R$       146,00"
"COWAN, FINLAY","R$       106,00"
"BARRETT, COLIN","R$       146,00"
"Weiter, Elke","R$       132,00"
"OJEDA, OSCAR RIERA","R$       132,00"
"OJEDA, OSCAR RIERA","R$       132,00"
"OJEDA, OSCAR RIERA","R$       132,00"
"OJEDA, OSCAR RIERA","R$       132,00"
"BRACEY, RON","R$         60,00"
"Zaczek, Iain","R$       106,00"
"SCHLEIFER, SIMONE","R$       172,00"
"Hathaway, Charla","R$       106,00"
"Hemenway, Priya","R$       132,00"
"Montagu, Jean-Yves","R$         80,00"
"Eastaway, Rob","R$         60,00"
"Ryman, Anders","R$       159,00"
"Mcdondald, Robert","R$         60,00"
"Lanting, Frans","R$       119,00"
"Stuart, Roy","R$       119,00"
Vários autores,"R$       330,00"
"Cebrián, Mercedes","R$       528,00"
Maria Eladia,"R$       291,00"
"James Baldwin , Steve Sc","aRp$i r o     476,00"
"Golden,Reuel / Cleage,P","aRrl$       594,00"
"Chaubin, Frédéric","R$       660,00"
"Geddes, Anne; Hughes,","oRll$y  S  t u  4a4rt9,00"
"Mankell, Henning","R$       304,00"
"Huang, Howard","R$       225,00"
Oliver Wainwright; Julius,"WR$ie d   e  m 44a9n,n00"
Dian Hanson,"R$       476,00"
9783836575843,"FO LEE SHILMAN, THE ANONYMOUS PROJECT","Shulmann, Lee"
9783822845509,"FO LEIFER, BASEBALL INT","Leifer, Neil"
9783836586559,"FO LINDBERGH, ALAIA  INT","Lindbergh, Peter"
9783836584876,"FO O'NEILL, YOGA, 2ND ED.  INT","O'Neill , Michael"
9783836567268,FO PORTRAIT VIENNA  INT,"Brandstatter, Christian"
9783836568869,"FO PORTRAIT, ROME IE","Fanelli, Giovanni"
9783836572330,"FO RIO BRANCO, MALDICIDADE INT","Miguel Rio Branco , Paul"
9783836576826,"FO ROY STUART, GETTING OF INT","Dian Hanson ,Roy Stuart"
9783822856215,"FO SALGADO, AFRICA  INT",
9783836561402,"FO SALGADO, CRIANCAS IEP","Salgado, Sebastião"
9783836542630,"FO SALGADO, GENESIS P","Salgado, Sebastião"
9783836575096,"FO SALGADO, GOLD  IEP","Salgado, Sebastição; Salg"
9783836516488,FO SANTE D ORAZIO IEP,Ruscha
9783836563130,"FO SCHILLER, MARILYN & - GB",
9783836502924,"FO STUART VOL, V IEP/GB","Deloffre, Alain"
9783822813058,FO SUMMERS WATCHING YOU INT,Andy Summers
9783836521765,FO THE BIG BUTT BOOK IEP,"Hanson, Dian"
9783836577076,FO THE SARTORIALIST INDIA  INT,"Schumann, Scott; Golde"
9783822846407,"FO TILLMANS, TRUTH STUDY INT","Shimizu, Minoru"
9783836569385,"FO WARHOL, POLAROIDS  INT",
9783836554497,"FO WILLOUGHBY, AUDREY  INT",
9783836576116,"FO WINSOR MCCAY, LITTLE NEMO VOL.2 INT","Braun, Alexander"
9783822838235,FP 25 ARAKI INT,"Sans, Jerome"
9783836583138,FP CAPITOL RECORDS  INT,"Hoskyns, Barney"
9783836564465,FP GAUDI GB,"Zerbst,Rainer"
9783836570992,"FP HOPPER, DENNIS 50","Hopper, Denis; Bockris,"
9783836574334,FP KRAMER BOB DYLAN  IE,"Kramer, Daniel"
9783836584630,FP MILHAZES  INT,"Holzwarth, Hans Werner"
9783836508971,"FP OEHLEN, TRADE INT","Oehlen, Albert; Ohrt, Ro"
9783836582087,FP ROLLING STONES  GB,"Golden, Reueu"
9783836583282,FP SURFING  GB,"Heimann, jim"
9783836564564,FU OUTERBRIDGE SC INT,"Heiting, Manfred; Dines"
9783836542142,"GR 25 PHOTO, CURTIS P","Andam, Hans Christian"
9783836510974,GR 25 TOULOUSE LAUTREC P,"Neret, Gilles"
9783836562362,"JU 100 CONT, BRICK BUILDING IEP","Jodidio, Philip"
9783822832196,JU 25 FANTASY WORLDS HC INT,"Taschen, Angelika"
9783836516839,JU 25 SOME LIKE IT HOT INT,"Castle, Alison"
9783836572422,"JU CALATRAVA, UPTADE 2018 IEP",Philip Jodidio E Santiago
9783836569088,"JU LEAR, PARROTS INT","Solinas, Francesco"
9783836562539,"JU MAILER, JOHN F, KENNEDY GB","Wiener, Nina; Lennon,"
9783836572132,"JU NK GUY, ART OF BURNING MAN GB","Guy, Nk"
9783836555111,JU PALEOART GB,"Lescaze, Zoe; Ford, Walt"
9783836512176,"KA ART, DE KOONING P","Hess, Barbara"
9783836512183,"KA ART, FONTANA P","Hess, Barbara"
9783836506564,"KA ART, JOHNS, JASPER P","Hess, Barbara"
9783822809426,"KA ART, O KEEFFE P","Benke, Britta"
9783822846780,"KA ART, WAGNER P","Sarnitz,August"
9783836512152,"KA ART, WATTEAU P","Lauterbach, Iris"
9783836512138,"KC ARCH, CANDELA P","Gossel, Peter"
9783822855935,"KC ARCH, MENDELSOHN E",COBBERS. ARNT
"Shulmann, Lee","R$       476,00"
"Leifer, Neil","R$       357,00"
"Lindbergh, Peter","R$       792,00"
"O'Neill , Michael","R$       423,00"
"Brandstatter, Christian","R$       660,00"
"Fanelli, Giovanni","R$       660,00"
"Miguel Rio Branco , Paul","HR$e r k  e  n 5h9o4f,0f 0"
"Dian Hanson ,Roy Stuart","R$       462,00"
"","R$       792,00"
"Salgado, Sebastião","R$       396,00"
"Salgado, Sebastião","R$       792,00"
"Salgado, Sebastição; Salg","dRo$,  L  é  l 5ia2 8W,0a0ni"
Ruscha,"R$       159,00"
"","R$       660,00"
"Deloffre, Alain","R$       304,00"
Andy Summers,"R$       291,00"
"Hanson, Dian","R$       317,00"
"Schumann, Scott; Golde",", R$e u  e  l  594,00"
"Shimizu, Minoru","R$       198,00"
"","R$       528,00"
"","R$       423,00"
"Braun, Alexander","R$       660,00"
"Sans, Jerome","R$       792,00"
"Hoskyns, Barney","R$       792,00"
"Zerbst,Rainer","R$       660,00"
"Hopper, Denis; Bockris,","icRt$o r      528,00"
"Kramer, Daniel","R$       568,00"
"Holzwarth, Hans Werner","R$       792,00"
"Oehlen, Albert; Ohrt, Ro","eRr$to       594,00"
"Golden, Reueu","R$       792,00"
"Heimann, jim","R$       792,00"
"Heiting, Manfred; Dines","CRo$x,   E  l a 2in0e5,00"
"Andam, Hans Christian","R$       119,00"
"Neret, Gilles","R$       119,00"
"Jodidio, Philip","R$       528,00"
"Taschen, Angelika","R$       119,00"
"Castle, Alison","R$       350,00"
Philip Jodidio E Santiago,"CRa$la  t r  a  6va60,00"
"Solinas, Francesco","R$       330,00"
"Wiener, Nina; Lennon,","icRh$a e  l    330,00"
"Guy, Nk","R$       357,00"
"Lescaze, Zoe; Ford, Walt","nR$       726,00"
"Hess, Barbara","R$         73,00"
"Hess, Barbara","R$         73,00"
"Hess, Barbara","R$         73,00"
"Benke, Britta","R$         73,00"
"Sarnitz,August","R$         73,00"
"Lauterbach, Iris","R$         73,00"
"Gossel, Peter","R$         73,00"
COBBERS. ARNT,"R$         73,00"
9783836512121,"KC ARCH, MENDELSOHN P","Cobbers, Arnt"
9783822848777,"KC ARCH, PROUVE E",PETERS. NILS
9783822847213,"KC ARCH, PROUVE P","Peters, Nils"
9783822838976,"KC ARCH, SCHAROUN P","Syring,Eberhard"
9783822838969,"KC ARCH, SCHINKEL P","Steffens, Martin"
9783836581592,KL DALI P,"Descharnes,Robert ; Nér"
9783836513517,KR 25 DURER P,"Wolf, Norbert"
9783836513289,KR 25 NEUTRA P,Barbara Lamprecht
9783836514156,KR 25 NEW MEDIA ART P,Mark Tribe
9783822838501,"MI 1000 LIGHTS VOL,1 IEP",Charlotte
9783822838181,MI 25 WOOD BOOK/HOUGH INT,"Hough, Romeyn"
9783822840306,MI ADVERTISING NOW ! TV IEP,"Wiedemann, Julius"
9783822839904,"MI ARCHITECTURE NOW! VOL,4 IEP",Philip Jodidio
9783822816288,MI DIGITAL BEAUTIES INT,"Wiedemann, Julius"
9783822840368,"MI LATIN AMER, GRAPH, DESIGN IEP","Wiedemann, Julius"
9783822839201,MI MODERNISM REDISCOVEREDE IEP,"Schulman, Julius"
9783822840320,MI PACKAGE DESIGN NOW! IEP,"Wiedemann, Julius"
9783836572675,MI WEB DESIGN. EVOL OF THE DIGITAL ERA,"Ford, Rob; Wiedemann,"
9783836514866,MS 25 GREAT ESCAPES NORTH AMERICAN IEP,
9783822827086,"MS DIR, POLANSKI P",F.X Feeney
9783822837139,"MS HOTELS E MORE, BERLIN IEP","Taschen, Angelika"
9783836520157,"PI DC COMICS, WONDER WOMAN INT","Levitz, Paul"
9783836570428,"PI MARVEL, HULK IEP",Roy Thomas
9783836570435,"PI MARVEL, IRON MAN IEP",Roy Thomas
9783836570442,"PI MARVEL, X MEN IEP",Roy Thomas
9783836522953,"PI PIN UP, DRIBEN INT","Hanson, Dian"
9783836520201,"PI PIN UP, VARGAS INT","Hanson, Dian"
9783836549516,"PI PORTRAIT, LONDON IEP",Vários autores
9783836549530,"PI PORTRAIT, PARIS IEP",Vários autores
9783836570381,PI THE LITTLE BOOK OF AVENGERS IEP,"Thomas, Roy"
9783836570398,PI THE LITTLE BOOK OF CAPTAIN AMERICAIEP,"Thomas, Roy"
9783836570404,PI THE LITTLE BOOK OF FANTASTIC FOUR IEP,"Thomas, Roy"
9783836540735,"PI TOM OF FINLAND, COPS E ROBBERS INT","Hanson, Dian"
9783836548014,PK GENESIS INT,"Salgado, Sebastiao"
9783836508803,"PO 25 PHOTO, LANTING PENGUINS E","Eckstrom, Christine"
9783836508001,"PO 25 PHOTO, WESTON IEP","Pitts, Terence"
9783822824139,"PO LANTING, PINGUINO E","LANTING, FRANS"
9783836578905,PO LITTLE BOOK OF BIG BREASTS INT,"Hanson, Dian"
9783836578912,PO LITTLE BOOK OF BIG PENIS INT,"Hanson, Dian"
9783836578936,PO LITTLE BOOK OF BIG PUSSY INT,"Hanson, Dian"
9783836567688,PO OS CONTOS DE HANS CHRISTIAN ANDERSEN,"Daniel, Noel"
9783836567695,PO OS CONTOS DOS IRMAOS GRIMM P,"Daniel, Noel"
9783836552684,PX FAIRY TALES INT,Vários autores
9783836539296,"RC 25 BATTERS, TOES INT",Eric Kroll
9783836534840,RC 25 POULTON INT,"Dian, Hanson"
9783836527330,"SC VILMORIN, VEGETABLE IEP","Dressendorfer, Werner"
9783836583831,SN INFORMATION GRAPHICS INT,"Rendgen, Sandra"
9783836500883,VA 25 CIRUGIA ESTETICA E,"Taschen, Angelika"
9783836528108,VA 25 COMO TRIUNFAR EN INTERNET,
9783836528832,VA APPS PARA DISPOSITIVOS MOVILES E,"Wiedemann, Julius  /  Fo"
"Cobbers, Arnt","R$         73,00"
PETERS. NILS,"R$         73,00"
"Peters, Nils","R$         73,00"
"Syring,Eberhard","R$         73,00"
"Steffens, Martin","R$         73,00"
"Descharnes,Robert ; Nér","tR,G$i l l e  s  5 28,00"
"Wolf, Norbert","R$         93,00"
Barbara Lamprecht,"R$         93,00"
Mark Tribe,"R$         93,00"
Charlotte,"R$       330,00"
"Hough, Romeyn","R$       330,00"
"Wiedemann, Julius","R$       330,00"
Philip Jodidio,"R$       330,00"
"Wiedemann, Julius","R$       330,00"
"Wiedemann, Julius","R$       330,00"
"Schulman, Julius","R$       330,00"
"Wiedemann, Julius","R$       330,00"
"Ford, Rob; Wiedemann,","uRliu$s       436,00"
"","R$       132,00"
F.X Feeney,"R$       172,00"
"Taschen, Angelika","R$       172,00"
"Levitz, Paul","R$         93,00"
Roy Thomas,"R$         93,00"
Roy Thomas,"R$         93,00"
Roy Thomas,"R$         93,00"
"Hanson, Dian","R$         93,00"
"Hanson, Dian","R$         93,00"
Vários autores,"R$         93,00"
Vários autores,"R$         93,00"
"Thomas, Roy","R$         93,00"
"Thomas, Roy","R$         93,00"
"Thomas, Roy","R$         93,00"
"Hanson, Dian","R$         93,00"
"Salgado, Sebastiao","R$       159,00"
"Eckstrom, Christine","R$         73,00"
"Pitts, Terence","R$         73,00"
"LANTING, FRANS","R$         73,00"
"Hanson, Dian","R$       159,00"
"Hanson, Dian","R$       159,00"
"Hanson, Dian","R$       159,00"
"Daniel, Noel","R$       102,00"
"Daniel, Noel","R$       102,00"
Vários autores,"R$       225,00"
Eric Kroll,"R$       119,00"
"Dian, Hanson","R$       119,00"
"Dressendorfer, Werner","R  $172,00"
"Rendgen, Sandra","R$       528,00"
"Taschen, Angelika","R$       172,00"
"","R$         66,00"
"Wiedemann, Julius  /  Fo","dR, $R o  b    291,00"
9783836521536,"VA BYRNE, 6 LIBROS EUCLIDES IEP","Byrne, Oliver"
9783836572835,VA CALIFORNIA CRAZY GB,Jim Heimann
9783822842423,VA CHRISTO THE GATES UPDATED GB,"Volz, Wolfgang"
9783836519908,VA COLLECTING DESIGN E,"Lindemann, Adam"
9783836539364,VA DEAD 50 YEARS INT,Vários autores
9783822816776,VA DOCUMENTA 12 CATALOGUE GB,"Noack, Ruth"
9783836500593,VA DOCUMENTA 12 MAGAZINE 3 INT,Varios
9783822816943,VA DOCUMENTA PICTURE BOOK INT,Varios
9783836538923,VA FASHION REI KAWAKUBO IEP,"Jones, Terry"
9783836538909,VA FASHION YOHJI YAMAMOTO IEP,"Jones, Terry"
9783836525022,VA FUSE NEVILLE BRODY IEP,Neville Brody
9783836545242,VA GAME CHANGERS INT,"Russell, Peter"
9783836522281,"VA HARRIS, AMERICA SWINGS INT","Prince, Richard"
9783822822296,"VA HISTORY OF MEN ́S MAG, VOL,1","Hanson, Dian"
9783822829769,"VA HISTORY OF MEN ́S MAG, VOL,3","Hanson, Dian"
9783822836354,"VA HISTORY OF MEN ́S MAG, VOL,4","Hanson, Dian"
9783836553551,VA INSIDE CHEFS FRIDGE E,"Solomon, Carrie"
9783836553537,VA INSIDE CHEFS FRIDGE GB,"SOLOMON, CARRIE; MO"
9783822830574,"VA MRS, NEWTON GB","Springs, Alice"
9783836544986,"VA NIPPOLDT, HOLLYWOOD IN THE 30S GB","Nippoldt, Robert; Kothe"
9783836539425,"VA NYT 36H, LOS ANGELES GB","Ireland, Barbara"
9783836539395,"VA NYT, 36H, USA E CANADA EAST GB","Ireland, Barbara"
9783836574037,VA O ESPELHO MAGICO DE MC ESCHER  P,"Ernst, Bruno"
9783836553827,VA PACKAGE DESIGN BOOK 3 INT,Pentawards; Wiedeman
9783836544382,VA PACKAGE DESIGN BOOK 4 INT,"Wiedemann, Julius"
9783836573405,VA PACKAGE DESIGN BOOK 5 INT,Pentawards;Wiedemann
9783822845080,"VA PRIVATE COLL, 70S BOX INT","Milton, Berth"
9783836577007,"VA REMBRANDT, SELFIES GB","Volker Manuth, Marieke"
9783836523196,"VA ROOFTOPS, ISLANDS IN THE SKY IEP","Jodidio, Philip"
9783836572545,VA SKELETON INT,Richard Miller
9783836540575,VA SKETCHBOOKS 1964 1968,"Hanson, Dian"
9783836573375,VA THE ILLUSTRATOR IE,"Heller, Steven; Wiedema"
9783822847176,VA TIKI MODERN INT,"Kirsten, Sven"
9783836503822,VA TRIUNFAR EN INTERNET E,"Ford, Rob"
9783836521093,"VA VANESSA DEL RIO, TRADE INT","Hanson, Dian"
9783836535991,"VA VILMORIN, VEGETABLE GARDEN INT","Dressendorfer, Werner"
9783836585095,"VA VIRGIL ABLOH, NIKE  GB","Virgil, Abloh"
9783836559454,"VA YANG LIU, HOMEM E MULHER SE ENCONTRAM","Liu, Yang"
9783836520102,"VA YES IS MORE AN ARCHCOMIC ON ARCHIT, E",
9783836586702,"XL CORBIJN, DEPECHE MODE  INT","Corbijn, Anton"
9783836563659,"XL DISNEY ARCHIVES, MOVIES 1  GBE","Kothenschulte, Daniel"
9783836524353,"XL GO GOAT, TRADE EDITION E",Vários autores
9783836548472,XL MODERNIST CUISINE AT HOME P,"Myhrvold, Nathan; Bilet,"
9783836561556,"XL NATIONAL GEOGRAPHIC, THE USA 2V GB","Klein, Jeff; Reuel, Golden"
9783836501347,XL PONTI  GB,"Licitra, Salvatore ; Cascia"
9783836582766,XL PUCCI 2ND ES INT,"Friedman, Vanessa"
9783836575119,XX CONTEMPORARY JAPANESE ARCHITETURE IF,
9783961712137,"#NSFW RANKIN: SMALL FORMAT EDITION",Rankin
9783832796099,100 YEARS STUDIO BABELSBERG,"Wedel, Michael"
9783832732356,2014  TURNING SILVER INTO GOLD,"Lehbrink, Hartmut"
"Byrne, Oliver","R$       330,00"
Jim Heimann,"R$       436,00"
"Volz, Wolfgang","R$       238,00"
"Lindemann, Adam","R$       291,00"
Vários autores,"R$       363,00"
"Noack, Ruth","R$       330,00"
Varios,"R$       132,00"
Varios,"R$       363,00"
"Jones, Terry","R$       330,00"
"Jones, Terry","R$       330,00"
Neville Brody,"R$       291,00"
"Russell, Peter","R$       528,00"
"Prince, Richard","R$       278,00"
"Hanson, Dian","R$       436,00"
"Hanson, Dian","R$       436,00"
"Hanson, Dian","R$       436,00"
"Solomon, Carrie","R$       476,00"
"SOLOMON, CARRIE; MO","RRE$,  A  D   4R7IA6N,00"
"Springs, Alice","R$       350,00"
"Nippoldt, Robert; Kothe","scRh$u  l t  e  4, 3D6a,n0i0el"
"Ireland, Barbara","R$       106,00"
"Ireland, Barbara","R$       185,00"
"Ernst, Bruno","R$       212,00"
Pentawards; Wiedeman,", RJu$l i u  s    4  3   6  , 0  0"
"Wiedemann, Julius","R$       363,00"
Pentawards;Wiedemann,"JRu$li u  s    476,00"
"Milton, Berth","R$       264,00"
"Volker Manuth, Marieke","Re$ W    i n  5ke6l8 ,00"
"Jodidio, Philip","R$       476,00"
Richard Miller,"R$       330,00"
"Hanson, Dian","R$       330,00"
"Heller, Steven; Wiedema","nR,$ J u   l i u 5s94,00"
"Kirsten, Sven","R$       330,00"
"Ford, Rob","R$       317,00"
"Hanson, Dian","R$       330,00"
"Dressendorfer, Werner","R$       363,00"
"Virgil, Abloh","R$       792,00"
"Liu, Yang","R$         88,00"
"","R$       132,00"
"Corbijn, Anton","R$   1.320,00"
"Kothenschulte, Daniel","R$   1.954,00"
Vários autores,"R$   1.056,00"
"Myhrvold, Nathan; Bilet,","MRa$x  i m   e 7 9 2,00"
"Klein, Jeff; Reuel, Golden","R  $     2   . 9  7  0  , 0   0"
"Licitra, Salvatore ; Cascia","iR, $St  e 2fa.7n7o2 ;, 0P0o"
"Friedman, Vanessa","R$   2.772,00"
"","R$       792,00"
Rankin,"R$       436,00"
"Wedel, Michael","R$       363,00"
"Lehbrink, Hartmut","R$       436,00"
9783832795306,30 YEARS OF POLAROIDS,"Bisang, Bruno"
9783832796570,70S CONCEPT CARS,"Schlegelminch, Rainer"
9783832769277,99 NICKNAMED CLASSIC CARS,"Jepsen, Helge; Kockritz,"
9783832733025,"AMELIE CREMER E CARINA VON BULOW, THE WE","Bulow, Carina Von"
9783832732424,ART ARKTIS,"Baum, Dietmar; Papamic"
9783832796587,BEAUTIFUL DISASTERS,"Drebin, David"
9783832797591,BEFORE THEY PASS AWAY,"Nelson, Jimmy"
9783832794781,BERLIN NOW PAPERBACK,"Taube, Edited By Dagma"
9783961711000,BEST PLACES TO RENT ON THE PLANET,"Steinhauer, Marc"
9783832796242,BOGNER MOMENTS 1932 2012,Vários autores
9783832795382,CARS DESIGN ASIA,"Tumminelli, Paolo"
9783832734282,"CASTELBAJAC, FASHION, ART E ROCKNROLL","Castelbajac, Jean-Charle"
9783961712199,CAT: PORTRAITS OF EIGHTY-EIGHT CATS & ON,"Lucasson, Tein"
9783832798765,CELEBRITY PETS,"Quinn, Edward"
9783832732790,CHASING  PARADISE,"Drebin, David"
9783961710522,COLORAMA,George Eastman Museu
9783961711758,CONTEMPORARY DESIGN REVIEW,"Cook, Cindi"
9783832792725,COOL COOKING PRET A DINER,Vários autores
9783832792343,COOL HOTELS ITALY,"Kunz, Martin Nocholas"
9783832792305,COOL HOTELS SPAIN,"Kunz, Martin Nocholas"
9783832795313,"CULT OF BOYS, TOYIN IBIDAPO","Toyin, Ibidapo"
9783832732615,"DES BOUVRIE, ACHITECTURE INTERIOR","Bouvrie, Monique Des"
9783832732868,DIEUX DU STADE,"Goudon, Fred"
9783961710430,DUTCH INTERIOR DESIGN,"Hendrikse, Leonie;Stock,"
9783961710812,ELLIOTT ERWITT'S ROME,"Erwitts, Elliott"
9783961711369,ELLIOTT ERWITTS SCOTLAND,"Erwitts, Elliott"
9783832795771,ELLIOTT ERWITT ́S KOLOR,"Erwitt, Elliott"
9783832732912,FOR THE LOVE OF DOGS,"Leyen, Katharina Von De"
9783832733704,FOR THE LOVE OF STYLE,"Williams, Corinna"
9783961712182,FORESTS IN OUR WORLD: HOW THE CLIMATE AF,"Willinger, Gunther"
9783961711031,GARDEN DESIGN REVIEW,"Knoflach, Ralf"
9783832790318,GENERATION PORSCHE,"Orel, Frank M. ; Brumme"
9783832732844,GREAT STORE DESIGN,"Hantze, Natalie"
9783961711116,"GUMBALL 3000, 20 YEARS ON THE ROAD",Teneues
9783961711109,"GUMBALL 3000, 20 YEARS ON THE ROAD, SMAL",Teneues
9783832734299,HASSELBLAD HARYMANN VOL 5 INSPIRE,Teneues
9783961710249,HOLLYWOOD ROYALE,"Rolston, Matthew"
9783961711956,HORSES OF ICELAND,"Laiz, Guadalupe"
9783832732189,HOW WE LIVE,"Prentice, Marcia"
9783832796648,IDENTICAL  PORTRAITS OF TWINS,"Schoeller, Martin"
9783961710003,INSECTA,"Charles; Nesbit, Adrienn"
9783961710294,JUNGLE SPIRITS,"Ziegler, Christian"
9783832798550,LIVING IN STYLE MUNICH,"Pfuel, Stephanie Von"
9783832794736,MAPPLETHORPE X7,"Mapplethorpe, Robert"
9783961710829,"MICHAEL POLIZA, AFRICA","Poliza, Michael"
9783832798093,MOVE AND WORK,"Birger, Malene"
9783961712007,NEO CLASSICS: FROM FACTORY TO CULT CAR I,"Staud, Rene"
9783832733018,PASSION FOR CARS,"Kockiritz, Michael"
9783832798611,"PIERRE WINTHER,NOTHING BEATS REALITY","Winther, Pierre"
9783832798147,PRIX PICTET 05: CONSUMPTION,Teneues
"Bisang, Bruno","R$       330,00"
"Schlegelminch, Rainer","R$       363,00"
"Jepsen, Helge; Kockritz,","iRc$h a  e  l  363,00"
"Bulow, Carina Von","R$       172,00"
"Baum, Dietmar; Papamic","aRl$is ,   T  i 5n2e8,00"
"Drebin, David","R$       528,00"
"Nelson, Jimmy","R$   1.056,00"
"Taube, Edited By Dagma","VRo$n       264,00"
"Steinhauer, Marc","R$       528,00"
Vários autores,"R$       363,00"
"Tumminelli, Paolo","R$       291,00"
"Castelbajac, Jean-Charle","R$       528,00"
"Lucasson, Tein","R$       264,00"
"Quinn, Edward","R$       396,00"
"Drebin, David","R$       476,00"
George Eastman Museu,"R$       363,00"
"Cook, Cindi","R$       660,00"
Vários autores,"R$         86,00"
"Kunz, Martin Nocholas","R$         86,00"
"Kunz, Martin Nocholas","R$         86,00"
"Toyin, Ibidapo","R$       218,00"
"Bouvrie, Monique Des","R$       330,00"
"Goudon, Fred","R$       304,00"
"Hendrikse, Leonie;Stock,","JeRr$o e   n   396,00"
"Erwitts, Elliott","R$         93,00"
"Erwitts, Elliott","R$       462,00"
"Erwitt, Elliott","R$       594,00"
"Leyen, Katharina Von De","R$       238,00"
"Williams, Corinna","R$       330,00"
"Willinger, Gunther","R$       436,00"
"Knoflach, Ralf","R$       528,00"
"Orel, Frank M. ; Brumme",", RE$lm    a  r 2  3  8   , 0  0"
"Hantze, Natalie","R$       330,00"
Teneues,"R$       436,00"
Teneues,"R$         93,00"
Teneues,"R$       462,00"
"Rolston, Matthew","R$       594,00"
"Laiz, Guadalupe","R$       660,00"
"Prentice, Marcia","R$       396,00"
"Schoeller, Martin","R$       330,00"
"Charles; Nesbit, Adrienn","R$       330,00"
"Ziegler, Christian","R$       370,00"
"Pfuel, Stephanie Von","R$       330,00"
"Mapplethorpe, Robert","R$       330,00"
"Poliza, Michael","R$         93,00"
"Birger, Malene","R$       594,00"
"Staud, Rene","R$       660,00"
"Kockiritz, Michael","R$       330,00"
"Winther, Pierre","R$       396,00"
Teneues,"R$       363,00"
9783832796594,PRIX PICTET 2012  POWER
9783832797287,"REVUE, EUGENIO RECUENCO"
9783961711147,"SERGE RAMELLI, LOS ANGELES"
9783961710515,SOUL FUEL. BMW R NINE T CUSTOMIZERS
9783832732516,SPIRIT OF PLACE
9783652000710,STERN PORTFOLIO - ALISON JACKSON
9783570198995,STERN PORTFOLIO - HEINZ KOSTER
9783570197738,STERN PORTFOLIO - LORD SNOWDON
9783652000680,STERN PORTFOLIO - VOLKER HINZ
9783832734275,"TAKEN!, ENTERTAINING NUDES BY"
9783832769055,THE ASTON MARTIN BOOK  SMALL FORM
9783832798796,THE BEAUTY BOOK
9783832797010,THE EBIKE BOOK
9783961711130,THE EYE: BY FOTOGRAFISKA
9783832733599,THE GREAT BEAUTY
9783961710171,THE HUNTING BOOK  ENGLISH VERSION
9783832734312,THE SUPERYACHT BOOK
9783832798529,"THOMAS HOEPKER, WANDERLUST"
9783961712298,TIME SENSITIV: 3
9783961711055,ULTIMATE LIFESTYLE COLLECTION FOR WOMEM
9783832792503,URBAN JUNGLES
9783832796679,"WEBER, ALL-AMERICAN VOLUME XII"
9783832797355,"WEBER, ALL-AMERICAN VOLUME XIII"
9783832798598,"WEBWE, ALL AMERICAN XIV"
9783961710461,ZOO PORTRAITS
Teneues,"R$       363,00"
"Recuenco, Eugenio","R$       594,00"
"Ramelli, Serge","R$       396,00"
"Mangartz, Dirk","R$       363,00"
"Villete, Aurélien","R$       396,00"
"Jackson, Alison","R$       198,00"
"Koster, Heinz","R$       198,00"
"Snowson, Lord","R$       198,00"
"Hinz, Volker","R$       198,00"
Kelly Tony,"R$       363,00"
"Staud, René","R$       363,00"
"Willardt, Kenneth","R$       594,00"
"Neupert, Hannes","R$       330,00"
Teneues,"R$       594,00"
"Leonessa, Federico Pigna","eRl$li       330,00"
"Dorn, Oliver","R$       462,00"
"Harris, Tony","R$       396,00"
"Hoepker, Thomas","R$       396,00"
"Ockenfels, Frank","R$       462,00"
"Fox, Chloe","R$       660,00"
"Hohenlohe, Hubertus Vo","R$       396,00"
"Weber, Bruce","R$       462,00"
"Weber, Bruce","R$       462,00"
"Weber, Bruce","R$       462,00"
"Partal, Yago","R$       159,00"
"Preço comDesconto de50%"
"R$      172,00"
"R$        36,50"
"R$        36,50"
"R$        36,50"
"R$        73,00"
"R$        66,00"
"R$        23,50"
"R$        23,50"
"R$        23,50"
"R$        66,00"
"R$        66,00"
"R$        66,00"
"R$        66,00"
"R$        23,50"
"R$        23,50"
"R$        23,50"
"R$        23,50"
"R$        23,50"
"R$        36,50"
"R$        36,50"
"R$        36,50"
"R$        36,50"
"R$        36,50"
"R$        15,00"
"R$        22,00"
"R$        86,00"
"R$        73,00"
"R$        36,50"
"R$        23,50"
"R$        23,50"
"R$        53,00"
"R$        53,00"
"R$        40,00"
"R$      106,00"
"R$      106,00"
"R$        59,50"
"R$        73,00"
"R$        86,00"
"R$        73,00"
"R$      132,00"
"R$        73,00"
"R$        59,50"
"R$        86,00"
"R$        36,50"
"R$        73,00"
"R$        73,00"
"R$        46,50"
"R$        36,50"
"R$        36,50"
"R$        46,50"
"R$        36,50"
"R$      132,00"
"R$        59,50"
"R$        86,00"
"R$      119,00"
"R$        73,00"
"R$        73,00"
"R$        59,50"
"R$        86,00"
"R$        73,00"
"R$        86,00"
"R$        92,50"
"R$        92,50"
"R$        44,00"
"R$        44,00"
"R$        44,00"
"R$        44,00"
"R$        59,50"
"R$        73,00"
"R$        43,00"
"R$        43,00"
"R$        43,00"
"R$        43,00"
"R$        43,00"
"R$      145,50"
"R$      181,50"
"R$      181,50"
"R$      181,50"
"R$      181,50"
"R$        43,00"
"R$        43,00"
"R$        43,00"
"R$      181,50"
"R$      181,50"
"R$      181,50"
"R$        30,00"
"R$      181,50"
"R$        92,50"
"R$      181,50"
"R$      181,50"
"R$      181,50"
"R$      181,50"
"R$        79,50"
"R$      181,50"
"R$        79,50"
"R$        43,00"
"R$        43,00"
"R$        43,00"
"R$        43,00"
"R$        43,00"
"R$        43,00"
"R$        43,00"
"R$        43,00"
"R$        43,00"
"R$        43,00"
"R$        43,00"
"R$        43,00"
"R$        43,00"
"R$        43,00"
"R$        43,00"
"R$        43,00"
"R$        43,00"
"R$        43,00"
"R$        43,00"
"R$        43,00"
"R$        43,00"
"R$        43,00"
"R$        43,00"
"R$        43,00"
"R$        43,00"
"R$        43,00"
"R$        30,00"
"R$      181,50"
"R$        49,50"
"R$        30,00"
"R$      218,00"
"R$      132,00"
"R$      181,50"
"R$      165,00"
"R$      132,00"
"R$      181,50"
"R$      181,50"
"R$        30,00"
"R$        33,00"
"R$        59,50"
"R$        59,50"
"R$      181,50"
"R$        43,00"
"R$        43,00"
"R$        43,00"
"R$        43,00"
"R$        86,00"
"R$        66,00"
"R$      198,00"
"R$      198,00"
"R$      198,00"
"R$      145,50"
"R$      172,00"
"R$      106,00"
"R$        66,00"
"R$      198,00"
"R$        66,00"
"R$      106,00"
"R$        66,00"
"R$      198,00"
"R$        73,00"
"R$      106,00"
"R$      198,00"
"R$      106,00"
"R$        43,00"
"R$        49,50"
"R$        73,00"
"R$      198,00"
"R$        73,00"
"R$        49,50"
"R$        49,50"
"R$        49,50"
"R$        66,00"
"R$        66,00"
"R$        49,50"
"R$        49,50"
"R$      198,00"
"R$        73,00"
"R$        43,00"
"R$      106,00"
"R$      106,00"
"R$        30,00"
"R$        30,00"
"R$        30,00"
"R$        43,00"
"R$      145,50"
"R$        49,50"
"R$      198,00"
"R$        49,50"
"R$        73,00"
"R$        49,50"
"R$        49,50"
"R$        86,00"
"R$        49,50"
"R$        86,00"
"R$        49,50"
"R$      106,00"
"R$      106,00"
"R$      106,00"
"R$        49,50"
"R$      198,00"
"R$      106,00"
"R$        73,00"
"R$      106,00"
"R$      198,00"
"R$      106,00"
"R$        66,00"
"R$      198,00"
"R$      198,00"
"R$      198,00"
"R$        49,50"
"R$        49,50"
"R$        49,50"
"R$      198,00"
"R$        49,50"
"R$      119,00"
"R$        49,50"
"R$        73,00"
"R$        66,00"
"R$        49,50"
"R$      106,00"
"R$      198,00"
"R$      198,00"
"R$        66,00"
"R$      198,00"
"R$      106,00"
"R$        66,00"
"R$      106,00"
"R$        49,50"
"R$        43,00"
"R$        49,50"
"R$        49,50"
"R$        66,00"
"R$        43,00"
"R$        30,00"
"R$        30,00"
"R$        30,00"
"R$        30,00"
"R$        73,00"
"R$        86,00"
"R$        73,00"
"R$        49,50"
"R$        86,00"
"R$        66,00"
"R$        43,00"
"R$        43,00"
"R$        92,50"
"R$        43,00"
"R$        49,50"
"R$        73,00"
"R$        49,50"
"R$        49,50"
"R$        49,50"
"R$        49,50"
"R$        49,50"
"R$      198,00"
"R$        49,50"
"R$      106,00"
"R$        49,50"
"R$      181,50"
"R$        49,50"
"R$        30,00"
"R$        30,00"
"R$        30,00"
"R$        30,00"
"R$        30,00"
"R$        30,00"
"R$        30,00"
"R$        30,00"
"R$        30,00"
"R$      106,00"
"R$        49,50"
"R$        49,50"
"R$        49,50"
"R$        49,50"
"R$        49,50"
"R$      106,00"
"R$      106,00"
"R$        66,00"
"R$        43,00"
"R$      106,00"
"R$      198,00"
"R$        73,00"
"R$      198,00"
"R$      198,00"
"R$      198,00"
"R$        86,00"
"R$      106,00"
"R$      198,00"
"R$      198,00"
"R$      106,00"
"R$        49,50"
"R$        73,00"
"R$      158,50"
"R$      106,00"
"R$      181,50"
"R$      125,50"
"R$      165,00"
"R$      165,00"
"R$        49,50"
"R$        49,50"
"R$        49,50"
"R$      106,00"
"R$        49,50"
"R$        49,50"
"R$        49,50"
"R$      165,00"
"R$        49,50"
"R$        73,00"
"R$        79,50"
"R$      106,00"
"R$      106,00"
"R$        73,00"
"R$      106,00"
"R$        86,00"
"R$        86,00"
"R$        86,00"
"R$      181,50"
"R$        66,00"
"R$      264,00"
"R$      218,00"
"R$      145,50"
"R$        73,00"
"R$        73,00"
"R$        73,00"
"R$        73,00"
"R$        73,00"
"R$        73,00"
"R$        73,00"
"R$      231,00"
"R$        92,50"
"R$        66,00"
"R$        66,00"
"R$        66,00"
"R$        66,00"
"R$      132,00"
"R$      218,00"
"R$      231,00"
"R$        66,00"
"R$        92,50"
"R$        79,50"
"R$        66,00"
"R$        26,50"
"R$        26,50"
"R$        73,00"
"R$        36,50"
"R$        73,00"
"R$        66,00"
"R$      231,00"
"R$        30,00"
"R$        66,00"
"R$      264,00"
"R$      145,50"
"R$        30,00"
"R$        36,50"
"R$        36,50"
"R$      165,00"
"R$      106,00"
"R$      165,00"
"R$        46,50"
"R$        46,50"
"R$        46,50"
"R$        73,00"
"R$        46,50"
"R$        36,50"
"R$        30,00"
"R$        36,50"
"R$        36,50"
"R$        36,50"
"R$        30,00"
"R$        73,00"
"R$        36,50"
"R$        66,00"
"R$        36,50"
"R$        36,50"
"R$        92,50"
"R$        79,50"
"R$      231,00"
"R$        73,00"
"R$        92,50"
"R$        73,00"
"R$      125,50"
"R$      139,00"
"R$      224,50"
"R$        36,50"
"R$        66,00"
"R$          7,50"
"R$          7,50"
"R$          7,50"
"R$          7,50"
"R$          7,50"
"R$          7,50"
"R$        23,50"
"R$      119,00"
"R$      152,00"
"R$      119,00"
"R$        73,00"
"R$        40,00"
"R$        36,50"
"R$        73,00"
"R$      152,00"
"R$        92,50"
"R$      132,00"
"R$        66,00"
"R$        73,00"
"R$        73,00"
"R$        36,50"
"R$        73,00"
"R$        73,00"
"R$        59,50"
"R$        66,00"
"R$        66,00"
"R$        59,50"
"R$        59,50"
"R$        79,50"
"R$      152,00"
"R$        40,00"
"R$        40,00"
"R$        44,00"
"R$        92,50"
"R$        86,00"
"R$        51,00"
"R$        44,00"
"R$        44,00"
"R$        36,50"
"R$        44,00"
"R$        30,00"
"R$        23,50"
"R$        36,50"
"R$        36,50"
"R$        44,00"
"R$        23,50"
"R$        23,50"
"R$        51,00"
"R$        44,00"
"R$        23,50"
"R$        36,50"
"R$        23,50"
"R$        23,50"
"R$        23,50"
"R$        23,50"
"R$        23,50"
"R$        23,50"
"R$        23,50"
"R$        23,50"
"R$        23,50"
"R$        53,00"
"R$        36,50"
"R$        23,50"
"R$        23,50"
"R$        36,50"
"R$        36,50"
"R$        46,50"
"R$        46,50"
"R$        46,50"
"R$        46,50"
"R$        23,50"
"R$        53,00"
"R$        53,00"
"R$      139,00"
"R$        99,00"
"R$        99,00"
"R$        59,50"
"R$        33,00"
"R$        33,00"
"R$        73,00"
"R$        20,00"
"R$        20,00"
"R$        20,00"
"R$        20,00"
"R$        20,00"
"R$        59,50"
"R$        59,50"
"R$        59,50"
"R$        53,00"
"R$        53,00"
"R$        53,00"
"R$        59,50"
"R$        20,00"
"R$        59,50"
"R$      125,50"
"R$        36,50"
"R$        36,50"
"R$        59,50"
"R$        59,50"
"R$        59,50"
"R$        59,50"
"R$        36,50"
"R$        59,50"
"R$        36,50"
"R$      152,00"
"R$        73,00"
"R$        53,00"
"R$        73,00"
"R$        73,00"
"R$        20,00"
"R$        20,00"
"R$        20,00"
"R$        20,00"
"R$        20,00"
"R$        20,00"
"R$        20,00"
"R$        20,00"
"R$        20,00"
"R$        20,00"
"R$        20,00"
"R$        20,00"
"R$        20,00"
"R$        20,00"
"R$        36,50"
"R$        53,00"
"R$        73,00"
"R$        36,50"
"R$      145,50"
"R$      102,50"
"R$        73,00"
"R$        20,00"
"R$        20,00"
"R$        20,00"
"R$        20,00"
"R$        20,00"
"R$        20,00"
"R$        20,00"
"R$        20,00"
"R$        20,00"
"R$        20,00"
"R$        20,00"
"R$        20,00"
"R$        13,50"
"R$        13,50"
"R$        20,00"
"R$        13,50"
"R$        20,00"
"R$        13,50"
"R$        20,00"
"R$        20,00"
"R$        20,00"
"R$        13,50"
"R$        20,00"
"R$        26,50"
"R$        26,50"
"R$        36,50"
"R$        36,50"
"R$        36,50"
"R$        36,50"
"R$        73,00"
"R$        46,50"
"R$        59,50"
"R$      165,00"
"R$        26,50"
"R$        26,50"
"R$      152,00"
"R$      145,50"
"R$      109,00"
"R$        53,00"
"R$        46,50"
"R$      125,50"
"R$      119,00"
"R$        46,50"
"R$        36,50"
"R$        46,50"
"R$        53,00"
"R$        30,00"
"R$      185,00"
"R$        73,00"
"R$        66,00"
"R$      119,00"
"R$      158,50"
"R$        66,00"
"R$      109,00"
"R$        46,50"
"R$        92,50"
"R$        99,00"
"R$        66,00"
"R$      152,00"
"R$      152,00"
"R$      152,00"
"R$      152,00"
"R$      152,00"
"R$      152,00"
"R$      152,00"
"R$      152,00"
"R$      152,00"
"R$      106,00"
"R$      106,00"
"R$      106,00"
"R$        92,50"
"R$        66,00"
"R$        53,00"
"R$        66,00"
"R$        66,00"
"R$        66,00"
"R$      106,00"
"R$      106,00"
"R$      106,00"
"R$      106,00"
"R$      106,00"
"R$      106,00"
"R$      106,00"
"R$      106,00"
"R$      106,00"
"R$      106,00"
"R$      106,00"
"R$      106,00"
"R$      106,00"
"R$      106,00"
"R$      106,00"
"R$      211,50"
"R$      211,50"
"R$      185,00"
"R$        79,50"
"R$        96,00"
"R$        53,00"
"R$        53,00"
"R$        56,50"
"R$        73,00"
"R$        53,00"
"R$        73,00"
"R$        66,00"
"R$        66,00"
"R$        66,00"
"R$        66,00"
"R$        66,00"
"R$        30,00"
"R$        53,00"
"R$        86,00"
"R$        53,00"
"R$        66,00"
"R$        40,00"
"R$        30,00"
"R$        79,50"
"R$        30,00"
"R$        59,50"
"R$        59,50"
"R$      165,00"
"R$      264,00"
"R$      145,50"
"R$      238,00"
"R$      297,00"
"R$      330,00"
"R$      224,50"
"R$      152,00"
"R$      112,50"
"R$      224,50"
"R$      238,00"
"R$      238,00"
"R$      178,50"
"R$      396,00"
"R$      211,50"
"R$      330,00"
"R$      330,00"
"R$      297,00"
"R$      231,00"
"R$      396,00"
"R$      198,00"
"R$      396,00"
"R$      264,00"
"R$        79,50"
"R$      330,00"
"R$      152,00"
"R$      145,50"
"R$      158,50"
"R$      297,00"
"R$        99,00"
"R$      264,00"
"R$      211,50"
"R$      330,00"
"R$      396,00"
"R$      396,00"
"R$      330,00"
"R$      264,00"
"R$      284,00"
"R$      396,00"
"R$      297,00"
"R$      396,00"
"R$      396,00"
"R$      102,50"
"R$        59,50"
"R$        59,50"
"R$      264,00"
"R$        59,50"
"R$      175,00"
"R$      330,00"
"R$      165,00"
"R$      165,00"
"R$      178,50"
"R$      363,00"
"R$        36,50"
"R$        36,50"
"R$        36,50"
"R$        36,50"
"R$        36,50"
"R$        36,50"
"R$        36,50"
"R$        36,50"
"R$        36,50"
"R$        36,50"
"R$        36,50"
"R$        36,50"
"R$        36,50"
"R$      264,00"
"R$        46,50"
"R$        46,50"
"R$        46,50"
"R$      165,00"
"R$      165,00"
"R$      165,00"
"R$      165,00"
"R$      165,00"
"R$      165,00"
"R$      165,00"
"R$      165,00"
"R$      218,00"
"R$        66,00"
"R$        86,00"
"R$        86,00"
"R$        46,50"
"R$        46,50"
"R$        46,50"
"R$        46,50"
"R$        46,50"
"R$        46,50"
"R$        46,50"
"R$        46,50"
"R$        46,50"
"R$        46,50"
"R$        46,50"
"R$        46,50"
"R$        79,50"
"R$        36,50"
"R$        36,50"
"R$        36,50"
"R$        79,50"
"R$        79,50"
"R$        79,50"
"R$        51,00"
"R$        51,00"
"R$      112,50"
"R$        59,50"
"R$        59,50"
"R$        86,00"
"R$      264,00"
"R$        86,00"
"R$        33,00"
"R$      145,50"
"R$      165,00"
"R$      218,00"
"R$      119,00"
"R$      145,50"
"R$      181,50"
"R$      165,00"
"R$        66,00"
"R$      181,50"
"R$      165,00"
"R$      165,00"
"R$      145,50"
"R$      264,00"
"R$      139,00"
"R$      218,00"
"R$      218,00"
"R$      218,00"
"R$      238,00"
"R$      238,00"
"R$      175,00"
"R$      218,00"
"R$        53,00"
"R$        92,50"
"R$      106,00"
"R$      218,00"
"R$      181,50"
"R$      238,00"
"R$      132,00"
"R$      284,00"
"R$      238,00"
"R$      165,00"
"R$      165,00"
"R$      297,00"
"R$      165,00"
"R$      158,50"
"R$      165,00"
"R$      181,50"
"R$      396,00"
"R$        44,00"
"R$        66,00"
"R$      660,00"
"R$      977,00"
"R$      528,00"
"R$      396,00"
"R$  1.485,00"
"R$  1.386,00"
"R$  1.386,00"
"R$      396,00"
"R$      218,00"
"R$      181,50"
"R$      218,00"
"R$      165,00"
"R$      181,50"
"R$      181,50"
"R$        86,00"
"R$      264,00"
"R$      264,00"
"R$      528,00"
"R$      132,00"
"R$      264,00"
"R$      181,50"
"R$      145,50"
"R$      264,00"
"R$      132,00"
"R$      198,00"
"R$      238,00"
"R$      181,50"
"R$      330,00"
"R$        43,00"
"R$        43,00"
"R$        43,00"
"R$      109,00"
"R$      165,00"
"R$      152,00"
"R$      198,00"
"R$        46,50"
"R$      231,00"
"R$      297,00"
"R$      119,00"
"R$      165,00"
"R$      218,00"
"R$      264,00"
"R$      119,00"
"R$      165,00"
"R$      218,00"
"R$        46,50"
"R$      231,00"
"R$      297,00"
"R$      330,00"
"R$      198,00"
"R$      165,00"
"R$      165,00"
"R$      185,00"
"R$      165,00"
"R$      165,00"
"R$        46,50"
"R$      297,00"
"R$      330,00"
"R$      165,00"
"R$      198,00"
"R$      181,50"
"R$      181,50"
"R$      297,00"
"R$      198,00"
"R$      181,50"
"R$      198,00"
"R$        99,00"
"R$        99,00"
"R$        99,00"
"R$        99,00"
"R$      181,50"
"R$      181,50"
"R$      297,00"
"R$      165,00"
"R$      297,00"
"R$      165,00"
"R$      231,00"
"R$      198,00"
"R$      198,00"
"R$      231,00"
"R$      330,00"
"R$      198,00"
"R$      231,00"
"R$      231,00"
"R$      231,00"
"R$        79,50"
