ISBN,Grupo Editorial Global
9788526023055,"13o. Trabalho de Hercules, O"
9788526024564,2 Patas e um Tatu
9788575553749,20 Minutos e Emagreca
9788526016750,2x1
9786556121406,50 Cronicas Escolhidas - Rubem Braga
9788526023345,Abc dos Abracos
9788575551899,Aberto ao Desejo
9788526022096,Acerto de Contas
9788526016026,"Acordei em Woodstock: Viagem, Memorias, Perplexidades"
9788575551271,Adestramento de Caes
9788526018969,"Aeronauta, O"
9788526015197,Affonso Romano de Sant Anna - Cronicas Para Jovens
9788526009134,Agora... Estamos em Paz
9788575554524,Aguas encantadas
9788575554937,"Aguas Sabem Coisas, As"
9788526011670,Ahi Viene el Congo
9788526024175,Ai de ti Copacabana
9788526014947,Ai Vai Meu Coracao
9788526017054,"Alegria, Alegria"
9788581841427,Alem do grande rio
9788526023406,Algumas Assombracoes do Recife Velho
9788526013773,Alguns Medos e Seus Segredos
9788575551196,Alla Napoletana
9788526012684,Almanaque Quitanda Cultural 2
9788521001102,Aluisio Azevedo Ficcao Completa
9788526017382,Amalu Perdeu o Botao
9788575551578,Amazonas - Patria da Agua
9788526023093,America Latina - A Patria Grande
9786556121024,"Americas e a Civilizacao, As"
9788526013858,Amigo e Comigo
"",Preço de Capa,"Preço com50%Desconto."
"","R$           49,00","R$     24,50"
"","R$           42,00","R$     21,00"
"","R$           45,00","R$     22,50"
"","R$           49,00","R$     24,50"
"","R$           45,00","R$     22,50"
"","R$           45,00","R$     22,50"
"","R$           49,00","R$     24,50"
"","R$           45,00","R$     22,50"
"","R$           45,00","R$     22,50"
"","R$           45,00","R$     22,50"
"","R$           39,00","R$     19,50"
"","R$           49,00","R$     24,50"
"","R$           49,00","R$     24,50"
"","R$           49,00","R$     24,50"
"","R$           42,00","R$     21,00"
"","R$           45,00","R$     22,50"
"","R$           45,00","R$     22,50"
"","R$           49,90","R$     24,95"
"","R$           32,00","R$     16,00"
"","R$           45,00","R$     22,50"
"","R$           49,90","R$     24,95"
"","R$           49,00","R$     24,50"
"","R$         169,00","R$     84,50"
"","R$           79,00","R$     39,50"
"","R$         299,00","R$   149,50"
"","R$           49,00","R$     24,50"
"","R$         189,00","R$     94,50"
"","R$           49,00","R$     24,50"
"","R$           89,00","R$     44,50"
"","R$           49,00","R$     24,50"
9788526018976,Amor em Leonoreta
9788575552407,Amor Perfeito Relacionamentos Imperfeitos
9788526021792,"Andorinha, Andorinha"
9788526022621,"Anel Encantado, O"
9788526005174,"Anjo do Adeus, O"
9786556121499,"Anjo Vendo as Horas , o"
9788526007574,"Anonimo Celebre, O"
9788526015357,Antes da Chuva
9788526023833,Antes do Depois
9788526012929,Antologia da Alimentacao no Brasil
9788526013391,Antologia de Contos da Ube
9788526015999,Antologia do Cordel Brasileiro
9788526006898,Antologia do Folclore Brasileiro(vl.1)
9788526017788,Antologia poetica - Cecilia Meireles
9788526017726,Antologia poetica - Manuel Bandeira
9788526021280,Antologia UBE
9788575554487,Antropoceno - Iniciacao a Tematica Ambiental
9788526024557,Apagando o Lampiao
9788526023383,Apontamentos
9788575552759,Aquecimento Global e Crise Ambiental
9788526018112,Aquele Tombo Que eu Levei
9788575552155,Arabes no Brasil - Historia e Sabores
9788526017757,"Aranha e Outros Bichos, A"
9788526004818,Arca de Noe e Outras Historias
9788526017115,"Arca de Noe, A"
9788526019638,"Arca dos Marechais, A"
9788575552940,Arpoador - Surf Club
9788575554401,"Arvore e os bichos, A"
9788526024113,"Arvore, A"
9788526024427,Aspectos do Folclore Brasileiro
9788526010154,Assassinato na Literatura Infantil
9788526013100,Assombracoes do Recife Velho
9788575554500,Atencao Plena em Linguagem Simples
"","R$           39,00","R$     19,50"
"","R$           45,00","R$     22,50"
"","R$           79,00","R$     39,50"
"","R$           45,00","R$     22,50"
"","R$           45,00","R$     22,50"
"","R$           42,00","R$     21,00"
"","R$           49,90","R$     24,95"
"","R$           42,00","R$     21,00"
"","R$           45,00","R$     22,50"
"","R$           65,00","R$     32,50"
"","R$           49,90","R$     24,95"
"","R$           49,90","R$     24,95"
"","R$           65,00","R$     32,50"
"","R$           69,00","R$     34,50"
"","R$           69,00","R$     34,50"
"","R$           55,00","R$     27,50"
"","R$           55,00","R$     27,50"
"","R$           59,00","R$     29,50"
"","R$           45,00","R$     22,50"
"","R$           49,00","R$     24,50"
"","R$           45,00","R$     22,50"
"","R$           89,00","R$     44,50"
"","R$           49,00","R$     24,50"
"","R$           39,00","R$     19,50"
"","R$           42,00","R$     21,00"
"","R$           49,00","R$     24,50"
"","R$           89,00","R$     44,50"
"","R$           39,00","R$     19,50"
"","R$           45,00","R$     22,50"
"","R$           49,90","R$     24,95"
"","R$           49,00","R$     24,50"
"","R$           65,00","R$     32,50"
"","R$           49,00","R$     24,50"
9788526018099,Atendimento na Agencia de Comunicacao
9788575550762,Atividades Int. de Educacao Ambiental
9788575552933,Atlas do Mundo
9788526019997,Atlas Geografico do Brasil
9788585351823,"Atleta no Seculo XXI, O"
9788526011984,Aula de Surfe
9788585351854,Autocura I - Proposta de um Mestre Tibetano
9788575550106,Autocura Tantrica I I I
9788575554388,Ave alegria
9788526022034,Aventuras do Barao de Munchhausen
9788526013711,Ayrton Senna - Uma Lenda a Toda Velocidade
9788575550373,Ayurveda - o Caminho da Saude
9788575551820,Azul - Fernando de Noronha
9788526024052,Bahia de Todos os Santos e de Quase Todos os Pecados
9788526022577,Baladas para El-Rei - Cecília Meireles
9788526006461,Balaio de Gato
9788526020368,"Balbino, homem do mar"
9786556121017,Bangue
9788526011120,Banho
9788526013971,"Banquete Dos Deuses, O"
9788575551189,Banquetes Diet
9788526021808,"Batuque, Samba e Macumba"
9788526009622,"Bau Das Historias, O"
9788526003293,Bebel Que a Cidade Comeu
9788526013834,"Beijo Nao Vem da Boca, O"
9788575552421,Beira Mar
9788526010338,"Bela Adormecida no Bosque, A"
9788526024809,"Bela e a Fera, A"
9788526021037,"Belo, Belo"
9788575552100,"Bem-Aventuranca da Chama Inteiror, A"
9788526010451,Bem-Vindos ao Rio
9788526011717,Berenice Contra o Maniaco Janeloso
9788526011700,Berenice Detetive
"","R$           49,90","R$     24,95"
"","R$           49,00","R$     24,50"
"","R$           55,00","R$     27,50"
"","R$           59,00","R$     29,50"
"","R$           45,00","R$     22,50"
"","R$           45,00","R$     22,50"
"","R$           49,00","R$     24,50"
"","R$           69,00","R$     34,50"
"","R$           45,00","R$     22,50"
"","R$           49,00","R$     24,50"
"","R$         245,00","R$   122,50"
"","R$           59,00","R$     29,50"
"","R$           89,00","R$     44,50"
"","R$           35,00","R$     17,50"
"","R$           49,90","R$     24,95"
"","R$           49,90","R$     24,95"
"","R$           49,90","R$     24,95"
"","R$           49,90","R$     24,95"
"","R$           45,00","R$     22,50"
"","R$           45,00","R$     22,50"
"","R$           65,00","R$     32,50"
"","R$           59,90","R$     29,95"
"","R$           49,00","R$     24,50"
"","R$           49,90","R$     24,95"
"","R$           49,90","R$     24,95"
"","R$           49,00","R$     24,50"
"","R$           49,00","R$     24,50"
"","R$           49,00","R$     24,50"
"","R$           45,00","R$     22,50"
"","R$           55,00","R$     27,50"
"","R$           49,00","R$     24,50"
"","R$           49,00","R$     24,50"
"","R$           49,00","R$     24,50"
9788526019270,Berimbau e outros poemas
9788526011335,"Bicho Folharada e Outros Espertinhos, O"
9788575554531,Bichos da Terra
9788575554715,Bichos do Ceu
9788575550298,Biografia de Kelly Slater - Pipe Dreams
9788526025172,"Boas coisas da vida, As"
9788526004870,"Boas Mas Companhias, As"
9788526015142,Bolero de Ravel
9788526024465,"Borboleta Amarela, A"
9788526012585,Brancos e Negros em Sao Paulo
9788575551547,Brasil Bem Temperado: Nordeste
9788526022027,"Brasil como problema, O"
9788575551097,"Brasil, Ritmos e Receitas"
9788575551103,"Brazil, Rhythms And Recipes"
9788526022058,Breves Estorias de Vera Cruz Das Almas
9788526007369,Brincadeira de Sombra
9788581841649,Brinco de Listas
9788575551943,Buddha e os Negocios: Sair-Se Bem Fazendo o Bem
9788526024106,Bumba Meu Boi Bumba
9788526024502,Bumba mi buey bumbá
9788526015166,"Burrinho e a Agua, O"
9786556120638,"Burrinho Pedres , o"
9786586223019,Buscando o Seu 100%
9788526024496,Cabalgatas de Pirenopolis
9788526022799,"Cabeca de Medusa e Outras Lendas Gregas, A"
9788526013094,Cabecas de 2a Feira
9788526017320,"Cabra, A"
9788526023581,Caca ao Lobisomem
9788526021464,Caca ao Mosquito
9788526013469,"Cacador de Lobisomem, O"
9788526020542,Cacho de Historias
9788526006584,Cada Bicho Seu Capricho
9788526019843,Cade Meu Cabelo?
"","R$           49,00","R$     24,50"
"","R$           49,00","R$     24,50"
"","R$           55,00","R$     27,50"
"","R$           55,00","R$     27,50"
"","R$           49,90","R$     24,95"
"","R$           45,00","R$     22,50"
"","R$           39,00","R$     19,50"
"","R$           49,00","R$     24,50"
"","R$           45,00","R$     22,50"
"","R$           55,00","R$     27,50"
"","R$         169,00","R$     84,50"
"","R$           49,90","R$     24,95"
"","R$         169,00","R$     84,50"
"","R$         169,00","R$     84,50"
"","R$           45,00","R$     22,50"
"","R$           42,00","R$     21,00"
"","R$           45,00","R$     22,50"
"","R$           49,00","R$     24,50"
"","R$           55,00","R$     27,50"
"","R$           55,00","R$     27,50"
"","R$           39,00","R$     19,50"
"","R$           42,00","R$     21,00"
"","R$           45,00","R$     22,50"
"","R$           55,00","R$     27,50"
"","R$           49,00","R$     24,50"
"","R$           45,00","R$     22,50"
"","R$           29,00","R$     14,50"
"","R$           45,00","R$     22,50"
"","R$           39,00","R$     19,50"
"","R$           49,00","R$     24,50"
"","R$           35,00","R$     17,50"
"","R$           39,00","R$     19,50"
"","R$           45,00","R$     22,50"
9788526014718,Cadeiras Proibidas
9788526015364,Cafe na Cama
9788526016682,Caiu na Rede e Peixe
9788526005792,Caixa de Surpresas
9788526012066,"Califa Cegonha, O"
9788526014817,Camara Cascudo e Mario de Andrade Cartas 1924 - 1944
9788526011175,Caminho da Poesia
9788575552766,Caminho da Vitoria - Biografia de Helio Castroneves
9788526013452,"Caminho Das Aguas, O"
9788575552742,"Caminho do Meio, O"
9788575551233,"Caminho Para a Iluminacao, O"
9788526012608,Caminhos Diversos - Sob os Signos do Cordel
9788526025073,Campo Geral
9788526018525,Cancao da Tarde no Campo
9788526017207,Cancao do Sabia
9788575554791,Cancer  Quando a Vida Pede Por um Novo Ajuste
9788575552117,Cancer de Mama - um Guia Pratico Para a Vida
9788526022492,Cancoes
9788526023239,Candido Mariano da Silva Rondon
9788526012998,Caneco de Prata
9788526021938,Canticos
9788526010703,Canto de Muro
9788526009950,Cao da Meia-Noite
9788575551073,"Cao em Nossa Casa - Como Criar, Tratar e Adestrar"
9788575551707,Cao em Nossa Casa - Perguntas e Respostas
9788575552537,Capim Santo - Receitas Para Receber Amigos
9788526001527,Capitalismo Dependente e Classes Sociais na Americ
9788526013032,Capullos
9788526010222,Carlinhos Precisa de Uma Capa
9788526019874,Carnaval
9788526023598,Caro Professor
9788581840031,Carros
9788526024472,Carta a el Rey Dom Manuel
"","R$           45,00","R$     22,50"
"","R$           49,90","R$     24,95"
"","R$           45,00","R$     22,50"
"","R$           35,00","R$     17,50"
"","R$           49,00","R$     24,50"
"","R$           65,00","R$     32,50"
"","R$           45,00","R$     22,50"
"","R$           49,00","R$     24,50"
"","R$           49,00","R$     24,50"
"","R$           49,00","R$     24,50"
"","R$           55,00","R$     27,50"
"","R$           45,00","R$     22,50"
"","R$           49,00","R$     24,50"
"","R$           45,00","R$     22,50"
"","R$           32,00","R$     16,00"
"","R$           49,90","R$     24,95"
"","R$           49,00","R$     24,50"
"","R$           42,00","R$     21,00"
"","R$           42,00","R$     21,00"
"","R$           49,00","R$     24,50"
"","R$           45,00","R$     22,50"
"","R$           55,00","R$     27,50"
"","R$           49,00","R$     24,50"
"","R$           49,00","R$     24,50"
"","R$           45,00","R$     22,50"
"","R$           89,00","R$     44,50"
"","R$           49,00","R$     24,50"
"","R$           45,00","R$     22,50"
"","R$           49,00","R$     24,50"
"","R$           45,00","R$     22,50"
"","R$           45,00","R$     22,50"
"","R$           24,90","R$     12,45"
"","R$           45,00","R$     22,50"
9788575552209,Carta da Terra
9788526022744,Cartas provincianas: correspondência entre Gilberto Freyre e
9788526011236,"Casa Dos Bichos, A"
9788526015609,"Casa Falada, A"
9788526008694,Casa Grande & Senzala
9788526010598,Casa Grande & Senzala em Quadrinhos
9788526012011,"Casa Imaginaria, A: Leitura e Literatura na Primei"
9788526020702,"Casamento da Mae do Joao, O"
9788526011281,Cascata de Cuspe
9788526016569,"Caso do Filho do Encadernador, O"
9788526012080,Casulos
9788526022003,"Cavaleiros da Praga Divina, Os"
9788526009233,Cavaleiros Das Sete Luas
9788526024038,Cavalhadas de Pirenopolis
9788526017368,Cavalinho de Vento
9788526013896,"Caveira-Rolante, A Mulher Lesma e Outras Historia"
9788526025196,"Caverna, A"
9788585351878,Cavernas: o Fascinante Brasil Subterraneo
9788526017078,Cecilia Meireles - Cronicas Para Jovens
9788581841458,Chega de Manha
9788526015562,Chez Mme Maigret
9788526015876,China Tropical
9788526024748,"Cidade dos Cinco Ciprestes, A"
9788526009141,"Cidade Perdida, A"
9788526009226,Ciganos
9788526014022,"Cinco Sentidos, Os"
9788526017771,"Cinza das horas, A"
9788526011304,Ciranda de Anel e Ceu
9788526010932,Ciume em Ceu Azul
9788526008731,Civilizacao e Cultura
9788526024021,Clarice
9788526022782,"Clube do Livro - Ser Leitor, Que Diferanca Faz?, O"
9788526011229,"Cobra Que Nao Sabia Cobrar, A"
"","R$           49,00","R$     24,50"
"","R$           69,00","R$     34,50"
"","R$           39,00","R$     19,50"
"","R$           49,00","R$     24,50"
"","R$         139,00","R$     69,50"
"","R$           49,90","R$     24,95"
"","R$           45,00","R$     22,50"
"","R$           45,00","R$     22,50"
"","R$           49,00","R$     24,50"
"","R$           49,00","R$     24,50"
"","R$           45,00","R$     22,50"
"","R$           25,00","R$     12,50"
"","R$           49,00","R$     24,50"
"","R$           55,00","R$     27,50"
"","R$           32,00","R$     16,00"
"","R$           45,00","R$     22,50"
"","R$           49,00","R$     24,50"
"","R$         169,00","R$     84,50"
"","R$           49,00","R$     24,50"
"","R$           35,00","R$     17,50"
"","R$           45,00","R$     22,50"
"","R$           55,00","R$     27,50"
"","R$           39,00","R$     19,50"
"","R$           49,00","R$     24,50"
"","R$           39,00","R$     19,50"
"","R$           49,00","R$     24,50"
"","R$           45,00","R$     22,50"
"","R$           39,00","R$     19,50"
"","R$           39,00","R$     19,50"
"","R$         130,00","R$     65,00"
"","R$           69,00","R$     34,50"
"","R$           49,90","R$     24,95"
"","R$           42,00","R$     21,00"
9788526012523,"Cocadas, As"
9788526004733,"Codigo Das Aguas, O"
9788575554630,"Codigo do Surfista, O"
9788526010710,Coisas Que o Povo Diz
9788526018822,Coisas simples do cotidiano
9788526022980,Colecao Poesia Completa Cecilia Meireles
9786556120942,Colecionador de Pedras
9788526023789,Coletanea Cecilia Meireles - Cronicas de Educacao
9788526023215,Coletanea Cecilia Meireles - Cronicas de Viagem
9788575554586,Coletanea Dalai Lama
9788526022805,Coletanea Ignacio de Loyola Brandao
9788526023154,Coletânea Manuel Bandeira
9786556121604,Coletanea Sergio Vaz Box
9788581841243,Colorindo na Praia
9788526001763,Com Certeza Tenho Amor
9788575552414,Comida Tipica da Fazenda
9788575553299,Como Conviver Com a Cirurgia da Obesidade - Dicas e Receitas
9788526006126,"Como e Bom Sermos Amigos, Bichos Fantasticos v. 2"
9788526008748,"Como e Bom Sermos Colaboradores, Bichos Fant. v. 3"
9788526006119,"Como e Bom Sermos Diferentes, Bichos Fantast v. 1"
9788575554807,Como Encontrei Lama Marco Polo na Italia
9788526009356,Como Los Animales
9788526019362,Como Sou
9788526020733,Como uma carta de amor
9788581841168,Como... Amarrar seus Sapatos
9788581841151,Como... Dizer as Horas
9788526024236,"Conde e o Passarinho, O"
9788526013940,"Conde Futreson, O"
9788526022966,Configurações histórico-culturais dos povos americanos
9788526016866,Confissoes de um Vira-Lata
9788526011137,"Congo Vem Ai, O"
9786587659008,Conheça seu corpo por dentro
9788526023932,Contando a arte de Di Caribé
"","R$           45,00","R$     22,50"
"","R$           42,00","R$     21,00"
"","R$           45,00","R$     22,50"
"","R$           55,00","R$     27,50"
"","R$           45,00","R$     22,50"
"","R$         299,00","R$   149,50"
"","R$           29,90","R$     14,95"
"","R$         230,00","R$   115,00"
"","R$         189,00","R$     94,50"
"","R$           99,00","R$     49,50"
"","R$         119,00","R$     59,50"
"","R$         129,00","R$     64,50"
"","R$           79,00","R$     39,50"
"","R$           35,00","R$     17,50"
"","R$           49,00","R$     24,50"
"","R$           89,00","R$     44,50"
"","R$           42,00","R$     21,00"
"","R$           49,00","R$     24,50"
"","R$           49,00","R$     24,50"
"","R$           49,00","R$     24,50"
"","R$           49,00","R$     24,50"
"","R$           42,00","R$     21,00"
"","R$           45,00","R$     22,50"
"","R$           39,00","R$     19,50"
"","R$           49,90","R$     24,95"
"","R$           49,90","R$     24,95"
"","R$           42,00","R$     21,00"
"","R$           49,00","R$     24,50"
"","R$           45,00","R$     22,50"
"","R$           45,00","R$     22,50"
"","R$           45,00","R$     22,50"
"","R$           69,00","R$     34,50"
"","R$           49,00","R$     24,50"
9788526024939,Contando a arte de Di Cavalcanti
9788526020412,Contando a arte de Romero Britto
9788526021945,Contando a arte de Tarsila do Amaral
9788526015906,Contas de Dividir e Trinta e Seis Bolos
9788526011168,Conto Com Voce
9788526012653,"Conto da Mulher Brasileira, O - Capa Flexivel"
9788526012578,"Conto da Mulher Brasileira, O (brochura)"
9788526017573,Contos de Animais
9788526020726,Contos de Exemplo
9788526009448,Contos de Vista
9788526022119,Contos do baoba
9788526009363,Contos Indigenas Brasileiros
9788526006850,Contos Tradicionais do Brasil
9788526011205,Contos Tradicionais do Brasil Para Jovens
9788526002357,Cora Coragem Cora Poesia
9788526011977,Coracao Roubado
9788526005419,Coracao Solitario
9788526004078,Coracoes Mordidos
9788575551165,Coragem Para Seguir em Frente
9788526016798,Cordeis Que Educam e Transformam
9788581840994,Cores
9786556121529,Corpo de Baile - Box
9788526024953,Correspondencia de Machado de Assis Box
9788526015111,Corrida Dos Caracois
9788526006980,Couro de Piolho
9788575551905,Cozinhando Facil Com Grandes Marcas - Rec.De Natal
9788526017702,Crianca meu amor
9788526007277,Criancas Indigenas - Ensaios Antropologicos
9788526010680,Criaturas de Prometeu -Gf e a Formacao da Soc.Bras
9788526014121,"Crimes do Olho-De-Boi, Os"
9788526022393,Critica de Artes
9788526013445,Criticidade e Leitura - Ensaios
9788526024816,Cronica Trovada da Cidade de Sam Sebastiam do Rio de Janeiro
"","R$           49,00","R$     24,50"
"","R$           49,00","R$     24,50"
"","R$           49,00","R$     24,50"
"","R$           45,00","R$     22,50"
"","R$           45,00","R$     22,50"
"","R$           49,90","R$     24,95"
"","R$           45,00","R$     22,50"
"","R$           45,00","R$     22,50"
"","R$           45,00","R$     22,50"
"","R$           49,90","R$     24,95"
"","R$           45,00","R$     22,50"
"","R$           45,00","R$     22,50"
"","R$           59,00","R$     29,50"
"","R$           49,90","R$     24,95"
"","R$           45,00","R$     22,50"
"","R$           49,00","R$     24,50"
"","R$           39,00","R$     19,50"
"","R$           49,90","R$     24,95"
"","R$           49,90","R$     24,95"
"","R$           49,00","R$     24,50"
"","R$           45,00","R$     22,50"
"","R$         149,00","R$     74,50"
"","R$         399,00","R$   199,50"
"","R$           42,00","R$     21,00"
"","R$           45,00","R$     22,50"
"","R$           65,00","R$     32,50"
"","R$           49,00","R$     24,50"
"","R$           59,00","R$     29,50"
"","R$           49,90","R$     24,95"
"","R$           49,00","R$     24,50"
"","R$           45,00","R$     22,50"
"","R$           39,00","R$     19,50"
"","R$         230,00","R$   115,00"
9788526018945,Cronicas do Espirito Santo
9788526023840,Cuidado Garoto Apaixonado
9788575552773,"Culinaria Japonesa Sem Misterios, A"
9788575551929,Cura Definitiva - o Poder da Compaixao
9788526014923,Curvo ou Reto - Olhar Secreto
9788521001133,D. Quixote de La Mancha - Volume Unico
9788526014589,Da Minha Praia Ate o Japao
9788526012776,Da um Sorriso Pra Titia
9788526005693,"Danca Dos Pica-Paus, A"
9786556121581,Darcy Ribeiro Box
9786556121178,Darcy Ribeiro Cronicas Para Jov.
9788526022423,De Bichos e Nao So
9788526015951,De Cor em Cor
9788526022249,De Medos e Assombracoes
9788526013735,De Nao em Nao
9786556121055,De Natura Florum
9788526015227,De no en no
9788526024540,De Onde Para Onde Memorias
9788526016163,"Decima Terceira Mordida, A"
9788526000483,Dentes ao Sol
9788526020559,Depois do Sol
9788575551219,Depois do Suicidio
9788575554852,"Despertar da energia feminina, O"
9788526024366,"Desta Terra Nada Vai Sobrar, A Nao Ser o Vento Que Sopra Sob"
9788526013407,Desvirando a Pagina - Biografia de Olavo Setubal
9788526010529,"Diabo no Porta-Malas, O"
9788526021563,Dialogos Latino-Americanos
9788526020658,Diario de Bordo
9788526013612,Diario de Che Guevara
9788526015180,Diario de Raquel
9788526025165,Diarios Indios
9788526015043,Dic. Global Escolar Silveira Bueno da l p Nova Ort
9788526014336,Dic. Global Infantil Silveira Bueno Ilustrado
"","R$           49,00","R$     24,50"
"","R$           45,00","R$     22,50"
"","R$         139,00","R$     69,50"
"","R$           55,00","R$     27,50"
"","R$           45,00","R$     22,50"
"","R$         199,00","R$     99,50"
"","R$           45,00","R$     22,50"
"","R$           45,00","R$     22,50"
"","R$           42,00","R$     21,00"
"","R$         129,00","R$     64,50"
"","R$           49,00","R$     24,50"
"","R$           45,00","R$     22,50"
"","R$           29,00","R$     14,50"
"","R$           49,00","R$     24,50"
"","R$           45,00","R$     22,50"
"","R$           45,00","R$     22,50"
"","R$           45,00","R$     22,50"
"","R$           49,00","R$     24,50"
"","R$           39,00","R$     19,50"
"","R$           49,90","R$     24,95"
"","R$           45,00","R$     22,50"
"","R$           45,00","R$     22,50"
"","R$           49,00","R$     24,50"
"","R$           65,00","R$     32,50"
"","R$           69,00","R$     34,50"
"","R$           49,00","R$     24,50"
"","R$           45,00","R$     22,50"
"","R$         230,00","R$   115,00"
"","R$           45,00","R$     22,50"
"","R$           45,00","R$     22,50"
"","R$           69,00","R$     34,50"
"","R$           49,90","R$     24,95"
"","R$           55,00","R$     27,50"
9788526015852,Dicionario Basico - Espanhol-Portugues/Portugues-Espanhol
9788526014985,Dicionario Basico Escolar de Filosofia
9788526025035,Dicionario Basico Ingles Portugues Portugues Ingles
9788585351656,Dicionario de Ciencia Ambiental
9788575551127,Dicionario de Termos de Gastron. Frances/portugues
9788526019331,Dicionario de Tupi Antigo
9788526015074,Dicionario do Folclore Brasileiro
9788575551882,Dicionario Gastronomico - Cafe Com Suas Receitas
9788575551240,Dicionario Gastronomico Pimentas Com Suas Receitas
9788575553107,Dicionario Gastronomico Vinho
9788526015883,Dicionario Ilustrado de Libras
9788526006669,Dicionario Visual de Musica
9788526009974,Dinheiro do Ceu
9788581840024,Dinossauros
9788575552681,"Direito Ambiental, do Global ao Local"
9788526010369,"Disco I - a Viagem, O"
9788526011908,"Disco II, A Catastrofe do Planeta Ebulidor, O"
9788526001688,Do Seu Coracao Partido
9788575552780,Doce Brasil Bem Bolado
9788526014176,Doceira e Poeta
9788526009295,"Doente Imaginario, O"
9786556120164,Doidinho
9788526014831,Dois Dedos de Poesia
9788526023673,Dois Pinheiros e o Mar e Outras Cronicas Sobreo Meio Amb.
9788526013544,Donnie - um Dia Com um Cao-Guia
9788526020382,Dossie Michel Vaillant - Ayrton Senna
9788526010444,Doze Horas de Terror
9788526018952,Doze noturnos da Holanda
9788526011083,Doze Reis e a Moca no Labirinto do Vento
9788526009714,"Drogas se eu Quiser Parar, Voce me Ajuda"
9788581841267,"Dudu Cara de Feliz, Dudu Cara de Triste"
9788581840307,"Dudu e a Pomba, Dudu e o Pato"
9788581840314,"Dudu no Jardim, Dudu no Quintal"
"","R$           49,90","R$     24,95"
"","R$           59,00","R$     29,50"
"","R$           49,90","R$     24,95"
"","R$           55,00","R$     27,50"
"","R$           49,00","R$     24,50"
"","R$           89,00","R$     44,50"
"","R$         130,00","R$     65,00"
"","R$         149,00","R$     74,50"
"","R$         149,00","R$     74,50"
"","R$         149,00","R$     74,50"
"","R$         199,00","R$     99,50"
"","R$           45,00","R$     22,50"
"","R$           49,00","R$     24,50"
"","R$           24,90","R$     12,45"
"","R$           45,00","R$     22,50"
"","R$           49,00","R$     24,50"
"","R$           49,00","R$     24,50"
"","R$           49,00","R$     24,50"
"","R$           89,00","R$     44,50"
"","R$         169,00","R$     84,50"
"","R$           42,00","R$     21,00"
"","R$           49,90","R$     24,95"
"","R$           45,00","R$     22,50"
"","R$           45,00","R$     22,50"
"","R$           49,00","R$     24,50"
"","R$           69,00","R$     34,50"
"","R$           49,00","R$     24,50"
"","R$           42,00","R$     21,00"
"","R$           45,00","R$     22,50"
"","R$           45,00","R$     22,50"
"","R$           32,00","R$     16,00"
"","R$           32,00","R$     16,00"
"","R$           32,00","R$     16,00"
9788581841175,Dudu que sol Dudu que chuva
9788526017092,Dueto Dos Gatos
9788575550847,Dzogchen - a Essencia do Coracao da Gde. Perfeicao
9788526006065,E Conversando Que as Coisas se Entendem
9788526020641,"E Gol (torcida Amiga, Boa Tarde)"
9788560791422,E um Caracol?
9788560791415,E um Gato?
9788560791408,E um Ratinho?
9788560791194,E Uma Ra?
9788575551738,"E Vinho, Naturalmente"
9788575554470,Ecopercepcao
9788575550229,"Eddie Would Go, A Historia de Eddie Aikau"
9788526008809,Edificio Fantasma
9788526023949,Educacao como prioridade
9788575551141,Educacao e Gestao Ambiental
9788526021327,"Eja em Xeque, A"
9788526011663,El Genio Del Crimen
9788526012752,El Hombre Que Extendio el Desierto
9788526011625,El Libro de Los Numeros
9788526011595,El Libro Del Alfabeto
9788526008212,El Marido de la Madre de Las Aguas
9788526011656,El Misterio Del Cinco Estrellas
9788526014268,El Pequeno Cocodrilo
9788526010468,El Rey de Casi-Todo
9788526008236,El Sabor de Africa
9788526023352,Elefante
9788526014640,"Elfo e a Sereia, O"
9788526017399,Em Busca do Manuscrito da Natureza
9788581841564,Em fuga
9788526012295,"Em Tempo Escuro, A Palavra (a)clara"
9788575551554,Emagreca & Apareca - Descubra Seu Tipo Metabolico
9788526010505,Enigma na Televisao
9788526021709,Ensaios insolitos
"","R$           32,00","R$     16,00"
"","R$           45,00","R$     22,50"
"","R$           55,00","R$     27,50"
"","R$           42,00","R$     21,00"
"","R$           45,00","R$     22,50"
"","R$           39,00","R$     19,50"
"","R$           39,00","R$     19,50"
"","R$           39,00","R$     19,50"
"","R$           39,00","R$     19,50"
"","R$           55,00","R$     27,50"
"","R$           49,00","R$     24,50"
"","R$           49,00","R$     24,50"
"","R$           45,00","R$     22,50"
"","R$           49,00","R$     24,50"
"","R$           49,00","R$     24,50"
"","R$           45,00","R$     22,50"
"","R$           49,00","R$     24,50"
"","R$           42,00","R$     21,00"
"","R$           45,00","R$     22,50"
"","R$           45,00","R$     22,50"
"","R$           45,00","R$     22,50"
"","R$           49,00","R$     24,50"
"","R$           45,00","R$     22,50"
"","R$           49,00","R$     24,50"
"","R$           49,00","R$     24,50"
"","R$           45,00","R$     22,50"
"","R$           45,00","R$     22,50"
"","R$           49,00","R$     24,50"
"","R$           45,00","R$     22,50"
"","R$           45,00","R$     22,50"
"","R$           45,00","R$     22,50"
"","R$           49,00","R$     24,50"
"","R$           45,00","R$     22,50"
9788526022478,Ensaios Literarios
9788526009776,"Enterro da Cafetina, O"
9788526009998,Entre Los Bambues
9788526008045,Entre os Bambus
9788526014756,Entre Sem Bater
9788526009578,Epuras do Social
9788526010147,Era Uma Vez Dom Quixote
9788575552094,"Escalada - a Verdadeira Historia, A"
9788575552346,Esclerose Multipla
9788526013421,"Escola e Leitura - Velha Crise, Novas Alternativas"
9788526022416,Escolha o seu Sonho
9788526013889,"Escorpioes Contra o Circulo de Fogo, Os"
9788526001343,"Escravo Nos Anuncios de Jornais Brasileiros, O"
9788526022522,"Escritor Proibido, O"
9788526018549,Esmeralda Espera um Bebe
9788526017764,Espectros
9788575550861,"Essencia do Sutra do Coracao, A"
9788526013414,Esta Noite ou Nunca
9788575552391,Estagios Iniciais da Doenca de Alzheimer
9786556120546,Estas Estorias
9788526019973,Estorias da Casa Velha da Ponte
9788526015319,"Estorias da Mitologia 1: Eu, Zeus,"
9788526016170,Estorias da Mitologia 2: Nos as Deusas
9788526016187,"Estorias da Mitologia 3: os Deuses, Menos o Pai"
9788526017030,Estrela da Manha
9788526017023,Estrela da Tarde
9788526011038,"Estudante II, O"
9788526012356,"Estudante III, O"
9788526011021,"Estudante, O"
9788526007376,Eu Era um Dragao
9788526025004,Eu sou a Dita Cuja
9788526023925,Eu sozinha
9788581841441,Eu Uso Penico
"","R$           59,00","R$     29,50"
"","R$           49,00","R$     24,50"
"","R$           42,00","R$     21,00"
"","R$           42,00","R$     21,00"
"","R$           49,00","R$     24,50"
"","R$           55,00","R$     27,50"
"","R$           55,00","R$     27,50"
"","R$           55,00","R$     27,50"
"","R$           45,00","R$     22,50"
"","R$           49,00","R$     24,50"
"","R$           49,00","R$     24,50"
"","R$           45,00","R$     22,50"
"","R$           55,00","R$     27,50"
"","R$           42,00","R$     21,00"
"","R$           35,00","R$     17,50"
"","R$           42,00","R$     21,00"
"","R$           49,90","R$     24,95"
"","R$           49,00","R$     24,50"
"","R$           49,00","R$     24,50"
"","R$           55,00","R$     27,50"
"","R$           49,00","R$     24,50"
"","R$           45,00","R$     22,50"
"","R$           45,00","R$     22,50"
"","R$           45,00","R$     22,50"
"","R$           45,00","R$     22,50"
"","R$           49,00","R$     24,50"
"","R$           49,00","R$     24,50"
"","R$           45,00","R$     22,50"
"","R$           49,00","R$     24,50"
"","R$           42,00","R$     21,00"
"","R$           42,00","R$     21,00"
"","R$           45,00","R$     22,50"
"","R$           35,00","R$     17,50"
9788581840444,Eu vou ser um jogador de futebol
9788526021440,"Eu, Edo, Com Medo Fedo"
9788575551530,Everest - Escalando a Face Norte
9788575552056,Face a Face Com o Mal de Alzheimer
9788526008700,Facecias - Contos Populares Divertidos
9788526012738,"Fada Afilhada, A"
9788526021914,"Fantasma da Alameda Santos, O"
9788526009301,Farsa de Ines Pereira
9788526011151,Faz de Conto
9788526023628,Faz Escuro Mas eu Canto
9788585351731,Fazendo as Pazes Com Seu Peso
9788526013490,Fazendo e Aprendendo Com a Agua
9788526016873,"Feijao e o Sonho, O"
9788526007390,Feito Bicho
9788526009608,"Feliz Aniversario, Lua"
9788526015203,Ferreira Gullar - Cronicas Para Jovens
9788581840093,Festa
9788526022010,"Festa das Letras, A"
9788575551790,Festas Contemporaneas: a Arte de Celebrar
9788575550830,Fibromialgia
9788526021068,"Fico, O gato do rabo emplumado"
9788526021174,Filosofias Baratas me Sao as Mais Caras
9788526025011,"Fio da Palavra, O"
9788575552551,Fio da Vida - Uma Luta Contra a Hepatite c
9788521001218,Fiodor Dostoievski - Obra Completa
9788526020665,Flauta de papel
9788526015289,"Flauta, O Menino e o Gigante, A"
9788526016040,Flor Amarela
9788526006201,"Flor do Lado de La, A"
9788526013872,Flora
9788526016125,Flora (espanhol)
9786556120683,Flores de Alvenaria
9788526014626,Florestan Fernandes Leituras & Legados
"","R$           42,00","R$     21,00"
"","R$           45,00","R$     22,50"
"","R$           49,00","R$     24,50"
"","R$           45,00","R$     22,50"
"","R$           49,00","R$     24,50"
"","R$           45,00","R$     22,50"
"","R$           49,00","R$     24,50"
"","R$           42,00","R$     21,00"
"","R$           45,00","R$     22,50"
"","R$           42,00","R$     21,00"
"","R$           49,90","R$     24,95"
"","R$           49,00","R$     24,50"
"","R$           49,90","R$     24,95"
"","R$           42,00","R$     21,00"
"","R$           45,00","R$     22,50"
"","R$           49,00","R$     24,50"
"","R$           42,00","R$     21,00"
"","R$           55,00","R$     27,50"
"","R$         169,00","R$     84,50"
"","R$           49,00","R$     24,50"
"","R$           45,00","R$     22,50"
"","R$           69,00","R$     34,50"
"","R$           42,00","R$     21,00"
"","R$           45,00","R$     22,50"
"","R$         499,00","R$   249,50"
"","R$           45,00","R$     22,50"
"","R$           49,00","R$     24,50"
"","R$           39,00","R$     19,50"
"","R$           49,00","R$     24,50"
"","R$           49,00","R$     24,50"
"","R$           49,00","R$     24,50"
"","R$           29,90","R$     14,95"
"","R$           55,00","R$     27,50"
9788575551080,Focalizacao: Uma Via de Acesso Sabedoria Corporal
9786556120751,Fogo Morto
9788526017597,Folclore do Brasil: Pesquisas e Notas
9788526008014,"Formacao do Leitor Literario - Nar. Inf. e Juv., A"
9788581841007,Formas
9788526021761,Formula da Vitoria - Sequencias Didaticas
9786586223026,"Fracasse, fracasse de novo, fracasse melhor"
9788575553053,Fuga da Terra Das Neves
9788575554166,Gaia - Uma Teoria do Conhecimento
9788526015456,Galo Bom de Goela
9788526005310,Gamacao
9788575552865,"Garoto Verde, O"
9788575552452,Gastrokid - o Livro da Gastronomia Infantil
9788526009516,Gato e Sapato
9788526018914,"Gato no telhado, O"
9788526024977,"Genio do Crime - Edicao Especial 50 Anos, O"
9788526010475,"Genio do Crime, O"
9788526013704,"Gente, Bicho, Planta: o Mundo me Encanta"
9788526023468,Gentidades
9788526021976,"Gigante Golias e o pequeno Davi, O"
9788526024687,Gilberto Freyre Cronicas Para Jov. s
9788575554685,Gilberto Freyre e as Aventuras do Paladar
9788526023826,Gilberto Freyre e o Estado Novo
9788526005495,Girassois
9788526021495,"Girofle, Girofla"
9788526006959,"Gordo Contra os Pedofilos, O"
9788526010208,Gosto de Africa
9788526008953,Gota d Agua
9788575551561,Graca e Coragem
9788526020061,Gramatica de Silveira Bueno
9788575554555,Grande Amor
9788526008779,"Grande Aventura de Maria Fumaca, A"
9788526022447,"Griso, El Unico"
"","R$           49,00","R$     24,50"
"","R$           59,90","R$     29,95"
"","R$           65,00","R$     32,50"
"","R$           59,00","R$     29,50"
"","R$           45,00","R$     22,50"
"","R$           29,75","R$     14,88"
"","R$           49,00","R$     24,50"
"","R$           55,00","R$     27,50"
"","R$           45,00","R$     22,50"
"","R$           49,00","R$     24,50"
"","R$           42,00","R$     21,00"
"","R$           49,90","R$     24,95"
"","R$           89,00","R$     44,50"
"","R$           39,00","R$     19,50"
"","R$           29,00","R$     14,50"
"","R$           55,00","R$     27,50"
"","R$           49,00","R$     24,50"
"","R$           49,00","R$     24,50"
"","R$           45,00","R$     22,50"
"","R$           45,00","R$     22,50"
"","R$           45,00","R$     22,50"
"","R$         189,00","R$     94,50"
"","R$           55,00","R$     27,50"
"","R$           39,00","R$     19,50"
"","R$           49,00","R$     24,50"
"","R$           49,00","R$     24,50"
"","R$           49,00","R$     24,50"
"","R$           45,00","R$     22,50"
"","R$           55,00","R$     27,50"
"","R$         170,00","R$     85,00"
"","R$           55,00","R$     27,50"
"","R$           42,00","R$     21,00"
"","R$           55,00","R$     27,50"
9788526021273,"Griso, O Unico"
9788526020719,Guerra na Casa do Joao
9788575554463,Guerreiras de Gaia
9788526017214,"Guerreiro, O"
9788575550700,Guia Completo da Prostata
9788575551226,Guia da Mountain Bike
9788526022133,Guia de Ouro Preto
9788526010673,Guia Pratico Hist. e Sentimental Cidade de Recife
9788526021488,Guita no Jardim
9788526012769,Haroldo Vira Gigante
9788575551288,Hidroginastica: um Guia Para Condicionamento...
9788526015838,Historia da Alimentacao no Brasil
9788575554944,"Historia da Rip Curl, A"
9788526007918,Historia Dos Nossos Gestos
9788526010345,Historia em Tres Atos
9788526013674,Historias Curtas e Birutas
9788526012349,"Historias de Marina, As"
9788575552674,Historias de um Pequeno Astronauta
9788526017542,Historias de Vaqueiros e Cantadores (para Jovens)
9788526006522,Historias de Verdade
9788526023376,Historias de Zig
9788526011250,Historias do Brasil na Poesia de Jose Paulo Paes
9788575552438,Historias do Mar
9788526014633,Historias do Pais Dos Avessos
9788526002760,"Homem Que Espalhou o Deserto, O"
9788526006294,"Homem Que Odiava a Segunda Feira, O"
9788526024410,"Homem Rouco, O"
9788526022768,"Homens de Cavanhaque de Fogo, Os"
9788526019430,"Homens do Futuro, Os"
9788526019317,Hora de alimentar serpentes
9788526024298,Hora de Dormir
9788526025080,"Hora e Vez de Augusto Matraga , a"
9788526023413,Iemanja e Suas Lendas
"","R$           55,00","R$     27,50"
"","R$           45,00","R$     22,50"
"","R$           49,90","R$     24,95"
"","R$           32,00","R$     16,00"
"","R$           49,00","R$     24,50"
"","R$           49,00","R$     24,50"
"","R$           65,00","R$     32,50"
"","R$           89,00","R$     44,50"
"","R$           39,00","R$     19,50"
"","R$           49,00","R$     24,50"
"","R$           42,00","R$     21,00"
"","R$         139,00","R$     69,50"
"","R$           65,00","R$     32,50"
"","R$           55,00","R$     27,50"
"","R$           39,00","R$     19,50"
"","R$           35,00","R$     17,50"
"","R$           45,00","R$     22,50"
"","R$           45,00","R$     22,50"
"","R$           49,90","R$     24,95"
"","R$           45,00","R$     22,50"
"","R$           45,00","R$     22,50"
"","R$           45,00","R$     22,50"
"","R$           49,90","R$     24,95"
"","R$           39,00","R$     19,50"
"","R$           42,00","R$     21,00"
"","R$           45,00","R$     22,50"
"","R$           45,00","R$     22,50"
"","R$           49,00","R$     24,50"
"","R$           45,00","R$     22,50"
"","R$           55,00","R$     27,50"
"","R$           35,00","R$     17,50"
"","R$           39,00","R$     19,50"
"","R$           42,00","R$     21,00"
9788526017221,Ignacio de Loyola Brandao - Cronicas para jovens
9788575551257,Iluminacao Cotidiana: Como Ser um Guerreiro Espiri
9788526018143,Ilusoes do mundo
9788526007291,"Imaginario Cotidiano, O"
9788526009837,"Implosao da Mentira e Outros Poemas, A"
9788526005433,"Incrivel Duelo de Magia, O"
9788526009585,Indez
9788526019904,"Indio cor-de-rosa, O"
9788526023666,"Indios e a Civilizacao, Os"
9788526006157,Indios no Brasil
9788526009509,"Ingrid Veio Ver o Mar, A"
9788526010727,Insurgencias e Ressurgencias Atuais
9788526015869,Interacao e Mediacao de Leitura Literaria Para Infancia
9788526022232,Interpretacao do Brasil
9788575551264,Introducao ao Tantra: a Transformacao do Desejo
9788526001381,"Investig. Etnologica no Brasil e Outros Ensaios, A"
9788526009769,"Ira das Aguas, A"
9788526014664,"Irma do Sol, A"
9788526017122,Itinerario de Pasargada
9788526020528,"Jabuti na Roca, O"
9788526022461,Janela Magica
9788526007116,Jangada
9788526023741,Jardines
9788526023659,Jardins
9788526019300,Joao Cabral de Melo Neto - Um autor em perspectiva
9788526009110,Joao e o pe de Feijao
9788526017733,Joao Simoes continua
9788526019201,Joaquim Nabuco - Correspondente Inter. 1882-1891-Vol. 1
9788526019218,Joaquim Nabuco - Correspondente Inter. 1882-1891-Vol. 2
9788526012547,"Jornal na Vida do Prof. e no Trabalho Docente, O"
9788526014954,"Joty, O Tamandua"
9788526016033,Jovens Naufragos e Suas Batalhas
9788526008120,Juego de La Sombra
"","R$           49,00","R$     24,50"
"","R$           49,90","R$     24,95"
"","R$           55,00","R$     27,50"
"","R$           49,00","R$     24,50"
"","R$           45,00","R$     22,50"
"","R$           39,00","R$     19,50"
"","R$           45,00","R$     22,50"
"","R$           49,90","R$     24,95"
"","R$           69,00","R$     34,50"
"","R$         139,00","R$     69,50"
"","R$           39,00","R$     19,50"
"","R$           59,00","R$     29,50"
"","R$           45,00","R$     22,50"
"","R$           65,00","R$     32,50"
"","R$           55,00","R$     27,50"
"","R$           55,00","R$     27,50"
"","R$           35,00","R$     17,50"
"","R$           49,00","R$     24,50"
"","R$           55,00","R$     27,50"
"","R$           29,00","R$     14,50"
"","R$           49,90","R$     24,95"
"","R$           55,00","R$     27,50"
"","R$           55,00","R$     27,50"
"","R$           55,00","R$     27,50"
"","R$           49,00","R$     24,50"
"","R$           45,00","R$     22,50"
"","R$           49,00","R$     24,50"
"","R$           79,00","R$     39,50"
"","R$           69,00","R$     34,50"
"","R$           39,00","R$     19,50"
"","R$           45,00","R$     22,50"
"","R$           45,00","R$     22,50"
"","R$           42,00","R$     21,00"
9788575552650,K2 Vida e Morte na Montanha Mais Perigosa do Mundo
9788526024304,Kadiweu
9788526015173,Katmandu e outros contos
9788526023260,La Cometa
9788526008243,La Flor Del Lado de Alla
9788526010031,La Gran Aventura de Maria Humareda
9788526009325,La Joven Tejedora
9788526011328,La Moneda de Oro Que un Pato se Trago
9788526008205,La Princesa da Bambulua
9788526008229,La Vaca Voladora
9788526020115,"Lamarca, O Capitao da Guerrilha"
9788585351922,"Lapidador de Diamantes, O"
9788526011694,"Leer, Escribir y Hacer Cuentas de Memoria"
9788526017337,"Leitao, O"
9788575554913,Leite Cru a verdade que vai mudar sua vida
9788526014770,Leitura e Desenvolvimento da Linguagem
9788526012912,Leitura na Escola
9788526015753,"Leitura, Cultura, Infancia: Lobato"
9788526012745,Leituras Aventureiras: Por um Pouco de Prazer
9786556121062,Lembrancas de Aninha
9788526007109,Lendas Brasileiras
9788526011212,Lendas Brasileiras Para Jovens
9788526007901,Ler e Preciso
9788526015241,Ler o Mundo
9788526009400,"Ler, Escrever e Fazer Conta de Cabeca"
9788526008311,Letramento no Brasil
9788526018891,Libertinagem
9788526009936,Lili Inventa o Mundo
9788526023642,Lima Barreto - Cronicas Para Jovens
9788575552568,"Lindo de Doer - Piercing, Viagens Esteticas, Eroticas e Esot"
9788526016514,Lindo Rubi
9788526015326,Lingua de Crianca - Limeriques as Soltas
9788526021013,"Lingua Portuguesa, Geografia e Hist. - 4 Ano - Manual Prof"
"","R$           49,00","R$     24,50"
"","R$           65,00","R$     32,50"
"","R$           45,00","R$     22,50"
"","R$           55,00","R$     27,50"
"","R$           49,00","R$     24,50"
"","R$           42,00","R$     21,00"
"","R$           49,00","R$     24,50"
"","R$           42,00","R$     21,00"
"","R$           45,00","R$     22,50"
"","R$           45,00","R$     22,50"
"","R$           49,90","R$     24,95"
"","R$           55,00","R$     27,50"
"","R$           45,00","R$     22,50"
"","R$           29,00","R$     14,50"
"","R$           39,00","R$     19,50"
"","R$           42,00","R$     21,00"
"","R$           42,00","R$     21,00"
"","R$           42,00","R$     21,00"
"","R$           42,00","R$     21,00"
"","R$           49,00","R$     24,50"
"","R$           55,00","R$     27,50"
"","R$           49,90","R$     24,95"
"","R$           35,00","R$     17,50"
"","R$           49,90","R$     24,95"
"","R$           45,00","R$     22,50"
"","R$           55,00","R$     27,50"
"","R$           45,00","R$     22,50"
"","R$           49,00","R$     24,50"
"","R$           49,00","R$     24,50"
"","R$           49,90","R$     24,95"
"","R$           35,00","R$     17,50"
"","R$           45,00","R$     22,50"
"","R$         300,00","R$   150,00"
9788526019539,Lira dos cinquent' anos
9788526005600,"Lit.No Brasil, A - Vol.VI - Relacoes e Perspectivas"
9788526012646,Literatura e Pedagogia - Ponto e Contraponto
9788526014152,Literatura Eletronica - Novos Horizontes Para
9788526003323,Literatura Infantil na Escola
9788526010611,Literatura Oral no Brasil
9786556120614,"Literatura, Pao e Poesia"
9788526011014,"Livro da Berenice, O"
9788575554142,"Livro da Sorte, O"
9788526012882,"Livro da Tabuada, O"
9788575550359,"Livro Das Emocoes, O"
9788526015531,"Livro Das Formas do Sr. Formalindo, O"
9788526013537,"Livro de Ana, O"
9788526010819,"Livro do Alfabeto, O"
9788526011649,Livro Dos Numeros
9788526022065,Livro(s) do Desassossego
9788526012097,"Lobo e o Carneiro no Sonho da Menina, O"
9788526024793,"Lobos, Os"
9788526008724,Locucoes Tradicionais no Brasil
9788526014299,Los Cinco Sentidos
9788526015296,"Macaco, Leao ou Porco?"
9788526025202,"Macaco, O"
9788526019294,Machado de Assis - Um autor em perspectiva
9788521001065,Machado de Assis Obra Completa
9786589645122,Machado de Assis Obra Completa com Eco-Bag
9788526006874,Made in Africa
9788526022546,Madrugada
9788526021693,Mafua do Malungo
9788526019355,Maira
9788526021648,Mais de 100 Historias Maravilhosas
9788526014220,"Mais Fantastico Ovo do Mundo, O"
9788575551318,"Mais Tradicional Livro Dos Sonhos e da Sorte, O"
9788526016880,Malditos Paulistas
"","R$           45,00","R$     22,50"
"","R$         119,00","R$     59,50"
"","R$           42,00","R$     21,00"
"","R$           55,00","R$     27,50"
"","R$           55,00","R$     27,50"
"","R$           79,00","R$     39,50"
"","R$           29,90","R$     14,95"
"","R$           49,00","R$     24,50"
"","R$           39,00","R$     19,50"
"","R$           45,00","R$     22,50"
"","R$           55,00","R$     27,50"
"","R$           45,00","R$     22,50"
"","R$           49,00","R$     24,50"
"","R$           45,00","R$     22,50"
"","R$           45,00","R$     22,50"
"","R$           89,00","R$     44,50"
"","R$           45,00","R$     22,50"
"","R$           49,00","R$     24,50"
"","R$           69,00","R$     34,50"
"","R$           49,00","R$     24,50"
"","R$           49,00","R$     24,50"
"","R$           29,00","R$     14,50"
"","R$           49,00","R$     24,50"
Pré-Venda Entrega em J,"nRe$i r o    2  0 52929.,00","R$   299,50"
Pré-Venda Entrega em J,"nRe$i r o    2  0 62529.,00","R$   329,50"
"","R$           55,00","R$     27,50"
"","R$           39,00","R$     19,50"
"","R$           49,90","R$     24,95"
"","R$           55,00","R$     27,50"
"","R$           65,00","R$     32,50"
"","R$           49,00","R$     24,50"
"","R$           45,00","R$     22,50"
"","R$           49,00","R$     24,50"
9788575551158,Mania de Sofrer
9788526001480,"Manifesto do Partido Comunista, O"
9788526020481,Manifesto Verde
9788526010352,Mano Juan
9788526011298,Mantenha Se Fisicamente em Forma
9788526017085,Manuel Bandeira - Cronicas Para Jovens
9788521001294,Manuel Bandeira - Poesia Completa e Prosa
9788526024632,Manuelzao e Miguilim (corpo de Baile)
9788526022171,Mar absoluto e outros poemas
9788575550717,"Mar Que Nos Cerca, O"
9788526020771,Marcha Contra o Saber-O Golpe Militar de 1964
9788526015807,Marcos Rey - Cronicas Para Jovens
9788526007383,"Mare Baixa, Mare Alta"
9788526008175,"Marea Baja, Marea Alta"
9788526006973,Maria Gomes
9788526024731,Maria Teresa
9788526006928,"Marido da Mae d Agua, O"
9788526017559,Marina Colasanti - Cronicas para jovens
9788526014145,Mario
9788526011588,Marketing Politico: Manual de Campanha Eleitoral
9788526024311,"Matinta Perera, A"
9788526013926,Mediacao de Leitura - Discussoes e Alternativas
9788575554357,Meditacao Budista
9788526018907,"Mel de Ocara, O - Ler, viajar, comer"
9788526013322,"Melhor Teatro de Artur Azevedo, O"
9788526008113,"Melhor Teatro de Domingos de Oliveira, O"
9788526013919,"Melhor Teatro de Juca de Oliveira, O"
9788526022829,Melhores Contos Antonio de Alcantara Machado (Pocket)
9788526022218,Melhores Contos Bernardo Elis (Pocket)
9788526012783,"Melhores Contos de Aluisio Azevedo, Os"
9788526006072,"Melhores Contos de Artur Azevedo, Os"
9788526014695,"Melhores Contos de Ary Quintella, Os"
9788526012509,"Melhores Contos de Aurelio Buarque de Holanda, Os"
"","R$           55,00","R$     27,50"
"","R$           42,00","R$     21,00"
"","R$           45,00","R$     22,50"
"","R$           49,00","R$     24,50"
"","R$           39,00","R$     19,50"
"","R$           49,00","R$     24,50"
"","R$         399,00","R$   199,50"
"","R$           55,00","R$     27,50"
"","R$           55,00","R$     27,50"
"","R$           49,00","R$     24,50"
"","R$           45,00","R$     22,50"
"","R$           49,00","R$     24,50"
"","R$           42,00","R$     21,00"
"","R$           42,00","R$     21,00"
"","R$           45,00","R$     22,50"
"","R$           55,00","R$     27,50"
"","R$           45,00","R$     22,50"
"","R$           49,00","R$     24,50"
"","R$           45,00","R$     22,50"
"","R$           65,00","R$     32,50"
"","R$           45,00","R$     22,50"
"","R$           49,90","R$     24,95"
"","R$           45,00","R$     22,50"
"","R$           45,00","R$     22,50"
"","R$           49,00","R$     24,50"
"","R$           49,00","R$     24,50"
"","R$           49,00","R$     24,50"
"","R$           29,90","R$     14,95"
"","R$           29,90","R$     14,95"
"","R$           39,00","R$     19,50"
"","R$           49,00","R$     24,50"
"","R$           45,00","R$     22,50"
"","R$           39,00","R$     19,50"
9788526002975,"Melhores Contos de Breno Accioly, Os"
9788526010185,"Melhores Contos de Caio Fernando Abreu, Os"
9788526011632,"Melhores Contos de Edla Van Steen, Os"
9788526011885,"Melhores Contos de Fausto Wolff, Os"
9788526015937,"Melhores Contos de Helio Polvora, Os"
9788526003965,"Melhores Contos de Herberto Sales, Os"
9788526016194,"Melhores Contos de Hermilo Borba Filho, Os"
9788526002869,"Melhores Contos de Ignacio Loyola Brandao, Os"
9788526002289,"Melhores Contos de J J Veiga, Os"
9788526006942,"Melhores Contos de Joao Alphonsus, Os"
9788526002487,"Melhores Contos de Joao do Rio, Os"
9788526016231,"Melhores Contos de Joel Silveira, Os"
9788526003941,"Melhores Contos de Ledo Ivo, Os"
9788526002036,"Melhores Contos de Luiz Vilela, Os"
9788526005938,"Melhores Contos de Marcos Rey, Os"
9788526002968,"Melhores Contos de Marques Rebelo, Os"
9788526000285,"Melhores Contos de Moacyr Scliar, Os"
9788526008557,"Melhores Contos de Origenes Lessa, Os"
9788526007680,"Melhores Contos de Ribeiro Couto, Os"
9788526005662,"Melhores Contos de Ricardo Ramos, Os"
9788526001336,"Melhores Contos de Rubem Braga, Os"
9788526013780,"Melhores Contos de Salim Miguel, Os"
9788526016248,"Melhores Contos de Simoes Lopes Neto, Os"
9788526015982,Melhores Contos de Walmir Ayala
9788526021136,Melhores Contos Eca de Queiros (Pocket)
9786556120522,Melhores Contos Joao Guimaraes Rosa (Pocket)
9788526024182,Melhores Contos Lima Barreto (Pocket)
9788526022126,Melhores Contos Lygia Fagundes Telles (Pocket)
9788526025134,Melhores Contos Machado de Assis (Pocket)
9788526023024,Melhores Contos Mario de Andrade (Pocket)
9788526013988,"Melhores Cronicas de Alvaro Moreyra, As"
9788526016705,Melhores Cronicas de Artur Azevedo
9788526012790,"Melhores Cronicas de Austregesilo de Athayde, As"
"","R$           39,00","R$     19,50"
"","R$           45,00","R$     22,50"
"","R$           45,00","R$     22,50"
"","R$           39,00","R$     19,50"
"","R$           45,00","R$     22,50"
"","R$           39,00","R$     19,50"
"","R$           39,00","R$     19,50"
"","R$           45,00","R$     22,50"
"","R$           39,00","R$     19,50"
"","R$           42,00","R$     21,00"
"","R$           39,00","R$     19,50"
"","R$           45,00","R$     22,50"
"","R$           39,00","R$     19,50"
"","R$           45,00","R$     22,50"
"","R$           45,00","R$     22,50"
"","R$           39,00","R$     19,50"
"","R$           49,00","R$     24,50"
"","R$           49,00","R$     24,50"
"","R$           45,00","R$     22,50"
"","R$           42,00","R$     21,00"
"","R$           45,00","R$     22,50"
"","R$           42,00","R$     21,00"
"","R$           39,00","R$     19,50"
"","R$           39,00","R$     19,50"
"","R$           24,90","R$     12,45"
"","R$           29,90","R$     14,95"
"","R$           29,90","R$     14,95"
"","R$           29,90","R$     14,95"
"","R$           37,00","R$     18,50"
"","R$           29,90","R$     14,95"
"","R$           45,00","R$     22,50"
"","R$           49,00","R$     24,50"
"","R$           49,00","R$     24,50"
9788526008571,"Melhores Cronicas de Cecilia Meireles, As"
9788526011267,"Melhores Cronicas de Coelho Neto, As"
9788526015524,Melhores Cronicas de Euclides da Cunha
9788526009486,"Melhores Cronicas de Ferreira Gullar, As"
9788526011274,"Melhores Cronicas de Gustavo Corcao, As"
9788526013995,"Melhores Cronicas de Humberto de Campos, As"
9788526009202,"Melhores Cronicas de Ignacio de Loyola Brandao, As"
9788526011878,"Melhores Cronicas de Ivan Angelo, As"
9788526013292,"Melhores Cronicas de Joao do Rio, As"
9788526008564,"Melhores Cronicas de Jose Castello, As"
9788526007994,"Melhores Cronicas de Jose de Alencar, As"
9788526014039,"Melhores Cronicas de Josue Montello, As"
9788526009196,"Melhores Cronicas de Ledo Ivo, As"
9788526009905,"Melhores Cronicas de Lima Barreto, As"
9788526023161,Melhores Cronicas de Luis Martins
9788526007987,"Melhores Cronicas de Machado de Assis, As"
9788526008328,"Melhores Cronicas de Manuel Bandeira, As"
9788526014800,Melhores Cronicas de Marcos Rey
9788526016729,Melhores Cronicas de Maria Julieta Drummond de And
9788526020788,"Melhores Cronicas de Marina Colasanti, As"
9788526008922,"Melhores Cronicas de Marques Rebelo, As"
9788526009462,"Melhores Cronicas de Moacyr Scliar, As"
9788526010376,"Melhores Cronicas de Olavo Bilac, As"
9788526009493,"Melhores Cronicas de Rachel de Queiroz, As"
9788526015890,Melhores Cronicas de Raul Pompeia
9788526010130,"Melhores Cronicas de Roberto Drummond, As"
9788526018488,"Melhores Cronicas de Rubem Braga, As"
9788526010628,"Melhores Cronicas de Sergio Milliet, As"
9788526009479,"Melhores Cronicas de Zuenir Ventura, As"
9788526021952,Melhores Cronicas Odylo Costa Filho
9788526016774,"Melhores Frases de Casa Grande & Senzala, As"
9786556120539,Melhores Poemas Arnaldo Antunes (Pocket)
9788526022713,Melhores Poemas Cecilia Meireles (Pocket)
"","R$           49,00","R$     24,50"
"","R$           45,00","R$     22,50"
"","R$           42,00","R$     21,00"
"","R$           45,00","R$     22,50"
"","R$           45,00","R$     22,50"
"","R$           49,00","R$     24,50"
"","R$           49,00","R$     24,50"
"","R$           45,00","R$     22,50"
"","R$           45,00","R$     22,50"
"","R$           49,00","R$     24,50"
"","R$           49,00","R$     24,50"
"","R$           49,00","R$     24,50"
"","R$           45,00","R$     22,50"
"","R$           45,00","R$     22,50"
"","R$           49,00","R$     24,50"
"","R$           49,00","R$     24,50"
"","R$           45,00","R$     22,50"
"","R$           45,00","R$     22,50"
"","R$           45,00","R$     22,50"
"","R$           49,00","R$     24,50"
"","R$           49,00","R$     24,50"
"","R$           49,00","R$     24,50"
"","R$           45,00","R$     22,50"
"","R$           45,00","R$     22,50"
"","R$           42,00","R$     21,00"
"","R$           45,00","R$     22,50"
"","R$           45,00","R$     22,50"
"","R$           45,00","R$     22,50"
"","R$           49,00","R$     24,50"
"","R$           59,00","R$     29,50"
"","R$           42,00","R$     21,00"
"","R$           32,00","R$     16,00"
"","R$           29,90","R$     14,95"
9788526023758,Melhores Poemas Cora Coralina (Pocket)
9788526014916,"Melhores Poemas de Affonso Romano de Sant Anna, Os"
9788526011861,"Melhores Poemas de Alberto Costa e Silva, Os"
9788526012325,"Melhores Poemas de Alberto de Oliveira, Os"
9788526015944,Melhores Poemas de Almeida Garret
9788526013261,"Melhores Poemas de Alphonsus de G. Filho, Os"
9788526003385,"Melhores Poemas de Alphonsus de Guimaraens, Os"
9788526007802,"Melhores Poemas de Alvarenga Peixoto, Os"
9788526013124,"Melhores Poemas de Alvaro Alves de Faria, Os"
9788526008816,"Melhores Poemas de Antero de Quental, Os"
9788526002197,"Melhores Poemas de Armando Freitas Filho, Os"
9788526004740,"Melhores Poemas de Augusto dos Anjos, Os"
9788526004788,Melhores Poemas de Augusto Frederico Schmidt
9788526007598,Melhores Poemas de Augusto Meyer
9788526016200,"Melhores Poemas de Bocage, Os"
9788526007970,Melhores Poemas de Bueno de Rivera
9788526016217,"Melhores Poemas de Carlos Nejar, Os"
9788526003392,"Melhores Poemas de Casimiro de Abreu, Os"
9788526007925,"Melhores Poemas de Cassiano Ricardo, Os"
9788526003408,"Melhores Poemas de Castro Alves, Os"
9788526010161,"Melhores Poemas de Cesario Verde, Os"
9788526005709,"Melhores Poemas de Cruz e Sousa, Os"
9788526005679,"Melhores Poemas de Dante Milano, Os"
9788526010086,"Melhores Poemas de Fagundes Varela, Os"
9788526000537,"Melhores Poemas de Fernando Pessoa, Os"
9788526010178,"Melhores Poemas de Florbela Espanca, Os"
9788526003262,"Melhores Poemas de Gilberto Mendonca Teles, Os"
9788526002722,"Melhores Poemas de Goncalves Dias, Os"
9788526015821,"Melhores Poemas de Gregorio de Matos, Os"
9788526003255,"Melhores Poemas de Guilherme de Almeida, Os"
9788526003446,"Melhores Poemas de Haroldo de Campos, Os"
9788526007338,Melhores Poemas de Henriqueta Lisboa
9788526008540,"Melhores Poemas de Ivan Junqueira, Os"
"","R$           35,00","R$     17,50"
"","R$           45,00","R$     22,50"
"","R$           42,00","R$     21,00"
"","R$           42,00","R$     21,00"
"","R$           39,00","R$     19,50"
"","R$           39,00","R$     19,50"
"","R$           39,00","R$     19,50"
"","R$           39,00","R$     19,50"
"","R$           45,00","R$     22,50"
"","R$           39,00","R$     19,50"
"","R$           39,00","R$     19,50"
"","R$           39,00","R$     19,50"
"","R$           45,00","R$     22,50"
"","R$           39,00","R$     19,50"
"","R$           39,00","R$     19,50"
"","R$           39,00","R$     19,50"
"","R$           45,00","R$     22,50"
"","R$           39,00","R$     19,50"
"","R$           49,00","R$     24,50"
"","R$           39,00","R$     19,50"
"","R$           39,00","R$     19,50"
"","R$           45,00","R$     22,50"
"","R$           39,00","R$     19,50"
"","R$           42,00","R$     21,00"
"","R$           42,00","R$     21,00"
"","R$           39,00","R$     19,50"
"","R$           49,00","R$     24,50"
"","R$           39,00","R$     19,50"
"","R$           39,00","R$     19,50"
"","R$           39,00","R$     19,50"
"","R$           39,00","R$     19,50"
"","R$           45,00","R$     22,50"
"","R$           45,00","R$     22,50"
9788526014701,"Melhores Poemas de Joao Cabral de Melo Neto, Os"
9788526002920,"Melhores Poemas de Ledo Ivo, Os"
9788526013568,"Melhores Poemas de Lindoff Bell, Os"
9788526002913,"Melhores Poemas de Luis de Camoes, Os"
9788526002500,"Melhores Poemas de Luis Delfino, Os"
9788526014190,Melhores Poemas de Luiz de Miranda
9788526006089,"Melhores Poemas de Machado de Assis, Os"
9788526002050,Melhores Poemas de Mario de Sa-Carneiro
9788526003453,"Melhores Poemas de Mario Faustino, Os"
9788526001725,"Melhores Poemas de Mario Quintana, Os"
9788526009264,"Melhores Poemas de Menotti Del Picchia, Os"
9788526004801,"Melhores Poemas de Murilo Mendes, Os"
9788526009868,"Melhores Poemas de Nauro Machado, Os"
9788526000049,"Melhores Poemas de Olavo Bilac, Os"
9788526011199,"Melhores Poemas de Patativa do Assare, Os"
9788526020795,"Melhores Poemas de Paulo Mendes Campos, Os"
9788526005730,"Melhores Poemas de Raimundo Correia, Os"
9788526007857,"Melhores Poemas de Raul de Leoni, Os"
9788526007772,"Melhores Poemas de Ribeiro Couto, Os"
9788526015975,Melhores Poemas de Ruy Espinheira Filho
9788526016699,Melhores Poemas de Sosigenes Costa
9788526013278,Melhores Poemas de Sousandrade
9788526013957,Melhores Poemas de Thiago de Mello
9788526010635,"Melhores Poemas de Vicente de Carvalho, Os"
9788526012714,"Melhores Poemas de Walmir Ayala, Os"
9788526022737,Melhores Poemas Ferreira Gullar (Pocket)
9788526025158,Melhores Poemas Manuel Bandeira (Pocket)
9788526022836,Melhores Poemas Mario de Andrade (Pocket)
9788526022706,Melhores Poemas Paulo Leminski (Pocket)
9788526023802,Melhores Poemas Torquato Neto (Pocket)
9788526020436,Memoria das Palavras Indigenas
9788526016859,Memorias de um Cabo de Vassoura
9788526019553,Memorias de um Fusca
"","R$           45,00","R$     22,50"
"","R$           39,00","R$     19,50"
"","R$           45,00","R$     22,50"
"","R$           39,00","R$     19,50"
"","R$           39,00","R$     19,50"
"","R$           39,00","R$     19,50"
"","R$           42,00","R$     21,00"
"","R$           39,00","R$     19,50"
"","R$           39,00","R$     19,50"
"","R$           42,00","R$     21,00"
"","R$           45,00","R$     22,50"
"","R$           45,00","R$     22,50"
"","R$           42,00","R$     21,00"
"","R$           45,00","R$     22,50"
"","R$           45,00","R$     22,50"
"","R$           39,00","R$     19,50"
"","R$           39,00","R$     19,50"
"","R$           39,00","R$     19,50"
"","R$           39,00","R$     19,50"
"","R$           45,00","R$     22,50"
"","R$           42,00","R$     21,00"
"","R$           39,00","R$     19,50"
"","R$           45,00","R$     22,50"
"","R$           39,00","R$     19,50"
"","R$           45,00","R$     22,50"
"","R$           35,00","R$     17,50"
"","R$           35,00","R$     17,50"
"","R$           29,90","R$     14,95"
"","R$           29,90","R$     14,95"
"","R$           35,00","R$     17,50"
"","R$           49,00","R$     24,50"
"","R$           45,00","R$     22,50"
"","R$           45,00","R$     22,50"
9788526015371,Memorias de um Gigolo
9788526012028,"Menina Arco-Iris, A"
9788526013728,"Menina o Cofrinho e a Vovo, A"
9788526021457,"Menina o Coracao e a Casa, A"
9788526021969,"Meninas e o Poeta, As"
9788526010772,"Menino a Homem:de Mais de Trinta e de Quarenta, de"
9788526019546,"Menino Azul, O"
9788526009844,"Menino da Chuva no Cabelo, O"
9788526024922,Menino de Engenho
9788526006454,Menino e a Sombra
9786556120096,"Menino e o Tuim, O"
9788526013506,Menino Inteiro
9788526006485,"Menino Que Achou Uma Estrela, O"
9788526010215,"Menino Que Nao Teve Medo do Medo, O"
9788526011809,"Meninos Verdes, Os"
9788575551714,Mente em Conforto e Sossego
9786586223033,Mergulhador em Perigo
9788526014688,"Mergulhadores, Os"
9788526016088,Mesmo Assim Martin
9788526020603,Metal Rosicler
9788526010581,Metodo Moderno de Tupi Antigo
9788526007314,Meu Amigo Lama
9786556121048,Meu Irmaozinho me Atrapalha
9788526018563,Meu Livro de Cordel
9788526011052,"Meu Professor, Meu Heroi"
9788526008939,Meu Reino Por um Cavalo
9788526008687,Meus Oito Anos
9788526019966,Meus Poemas Preferidos
9788526015548,Meus Romances de Cordel
9788526020351,Migo
9788526008502,Minha Avo ja Foi Bebe
9788575554333,"Minhas razoes, tuas razoes - A origem do desamor"
9788526009981,"Misterio do Cinco Estrelas, O"
"","R$           49,00","R$     24,50"
"","R$           49,00","R$     24,50"
"","R$           45,00","R$     22,50"
"","R$           42,00","R$     21,00"
"","R$           55,00","R$     27,50"
"","R$           65,00","R$     32,50"
"","R$           45,00","R$     22,50"
"","R$           42,00","R$     21,00"
"","R$           42,00","R$     21,00"
"","R$           39,00","R$     19,50"
"","R$           49,00","R$     24,50"
"","R$           45,00","R$     22,50"
"","R$           39,00","R$     19,50"
"","R$           45,00","R$     22,50"
"","R$           45,00","R$     22,50"
"","R$           55,00","R$     27,50"
"","R$           49,90","R$     24,95"
"","R$           45,00","R$     22,50"
"","R$           49,00","R$     24,50"
"","R$           45,00","R$     22,50"
"","R$           89,00","R$     44,50"
"","R$           39,00","R$     19,50"
"","R$           49,00","R$     24,50"
"","R$           49,00","R$     24,50"
"","R$           45,00","R$     22,50"
"","R$           42,00","R$     21,00"
"","R$           39,00","R$     19,50"
"","R$           49,90","R$     24,95"
"","R$           49,00","R$     24,50"
"","R$           59,00","R$     29,50"
"","R$           39,00","R$     19,50"
"","R$           42,00","R$     21,00"
"","R$           49,00","R$     24,50"
9788526014183,Misterios do Mar Oceano
9788526008915,"Moca Tecela, A"
9788526011311,"Moeda de Ouro Que um Pato Engoliu, A"
9788526021303,"Morena, pena de amor"
9788585351939,Morrer Nao se Improvisa
9788526024359,Morro do isolamento
9788575551066,"Morte, Estado Interm. e Renascimento no Budismo"
9788575553411,"Mudanca climatica e voce: cenarios, desafios"
9788581841472,"Mudanca de Hugo, A"
9788526013346,Mudancas Sociais no Brasil: Aspectos do Desenvolv.
9788526019980,"Mulo, O"
9788526019881,"Muralhas de Jerico, As"
9788526002074,Musica Impopular
9788526012899,"Musicos de Bremen, Os"
9788581841182,Na Fazenda - Puzzel
9788581841205,Na Floresta - Sound
9788526023499,Na Plateia do Mundo
9788526010512,Na Rota do Perigo
9788526018518,Na Rua do Sabao
9788581841373,"Namorado da Mamae, O"
9786556121574,Nanda - Cuidado garota apaixonada 2
9788581841366,Nao
9788526023918,Nao Catarineta (espanhol)
9788526021143,Nao era uma vez...
9788575554425,Nao ha Atalhos Para Chegar ao Topo
9788526024915,Nao Veras Pais Nenhum
9786556121673,Nao Veras Pais Nenhum - 40 Anos
9788526012172,Nao Vou Dormir
9788575551295,Natacao: um Guia Ilustrado de Aperfeicoamento
9788526013254,"Natal de Manuel, O"
9788526023574,Nau Catarineta
9788526014619,"Navio Fantasma, O"
9788526022720,"Negro no Brasil de Hoje, O"
"","R$           49,00","R$     24,50"
"","R$           49,00","R$     24,50"
"","R$           42,00","R$     21,00"
"","R$           55,00","R$     27,50"
"","R$           55,00","R$     27,50"
"","R$           42,00","R$     21,00"
"","R$           42,00","R$     21,00"
"","R$           49,00","R$     24,50"
"","R$           45,00","R$     22,50"
"","R$           55,00","R$     27,50"
"","R$           55,00","R$     27,50"
"","R$           45,00","R$     22,50"
"","R$           49,90","R$     24,95"
"","R$           49,00","R$     24,50"
"","R$           45,00","R$     22,50"
"","R$           59,00","R$     29,50"
"","R$           59,00","R$     29,50"
"","R$           49,00","R$     24,50"
"","R$           45,00","R$     22,50"
"","R$           45,00","R$     22,50"
"","R$           49,00","R$     24,50"
"","R$           45,00","R$     22,50"
"","R$           55,00","R$     27,50"
"","R$           45,00","R$     22,50"
"","R$           49,00","R$     24,50"
"","R$           65,00","R$     32,50"
"","R$           89,00","R$     44,50"
"","R$           45,00","R$     22,50"
"","R$           42,00","R$     21,00"
"","R$           45,00","R$     22,50"
"","R$           55,00","R$     27,50"
"","R$           49,00","R$     24,50"
"","R$           89,00","R$     44,50"
9788526012301,"Negro no Mundo Dos Brancos, O"
9788526013551,Nicolao e Nicolinho
9788581841328,No Alto Das Arvores.
9788526024229,No Brasil Ainda Tem Gente da Minha Cor?
9788581841335,No Fundo do Mar
9788581841359,No Meio da Selva
9788581841342,No Mundo da Neve
9788581841212,No Sitio - Sound
9788526012318,No Voy a Dormir
9788526021044,Nocoes de Coisas
9788526023727,Noite Adentro
9788526008168,Noite Inclinada
9788526023109,"Noite Sem Homem , A"
9786556120966,Noites do Sertão
9788526017344,"Nome da Manha, O"
9788526008373,Nordeste
9788526014732,Nordeste Semita - Ensaio Sobre um Certo Nordeste
9788581840437,Nosso Navio Pirata
9788575551172,Novas Receitas Light
9788526015388,Novo Mundo Nos Tropicos
9788581840291,Numeros
9788526022102,Nunca mais...e poema dos poemas
9788526005808,"Nuvem, A"
9788575554340,Oceano de Sabedoria - Orientacoes para a Vida
9788526006577,"Ofelia, A Ovelha"
9788575554180,Oito passos atentos para a felicidade
9788575554548,Oleo de Coco - A Gordura que Pode Salvar Sua Vida
9786556120102,"Olhar passeia, O (Ana Maria Machado)"
9788526021983,Olhinhos de Gato
9786556121109,"Olho de Vidro do Meu Avo , o"
9788526010734,"Olinda: 2o. Guia Pratico Hist. e Sent, da Cidade"
9788526019324,Omelete em Bombaim
9788526016781,Opera de Sabao
"","R$           55,00","R$     27,50"
"","R$           49,00","R$     24,50"
"","R$           49,00","R$     24,50"
"","R$           39,00","R$     19,50"
"","R$           49,00","R$     24,50"
"","R$           49,00","R$     24,50"
"","R$           49,00","R$     24,50"
"","R$           59,00","R$     29,50"
"","R$           45,00","R$     22,50"
"","R$           49,00","R$     24,50"
"","R$           49,00","R$     24,50"
"","R$           49,90","R$     24,95"
"","R$           45,00","R$     22,50"
"","R$           55,00","R$     27,50"
"","R$           49,00","R$     24,50"
"","R$           55,00","R$     27,50"
"","R$           49,00","R$     24,50"
"","R$           49,90","R$     24,95"
"","R$           65,00","R$     32,50"
"","R$           69,00","R$     34,50"
"","R$           45,00","R$     22,50"
"","R$           45,00","R$     22,50"
"","R$           49,00","R$     24,50"
"","R$           49,00","R$     24,50"
"","R$           39,00","R$     19,50"
"","R$           55,00","R$     27,50"
"","R$           42,00","R$     21,00"
"","R$           45,00","R$     22,50"
"","R$           49,00","R$     24,50"
"","R$           45,00","R$     22,50"
"","R$           89,00","R$     44,50"
"","R$           49,00","R$     24,50"
"","R$           49,00","R$     24,50"
9788581840284,Opostos
9788526022089,Opus 10
9788526012592,"Ora, Virgulas"
9788575550113,Oraculo I - Lung Ten
9788526008366,Ordem e Progresso
9788526012660,Origens Africanas do Brasil Contemporaneo
9786556121093,Os Sherlockismos de Gilberto Freyre
9788526016507,"Osso, O"
9788526017108,Ou Isto ou Aquilo -  Edicao Especial
9788526021297,Ou Isto ou Aquilo - Brochura
9788526009424,"Outra Marina, A"
9788526012561,Outras Tantas Hist. Indigenas de Origem Nas Coisas
9788526016095,"Outro Brasil Que Vem Ai, O"
9788526012042,"Ovo e o Anjo, O"
9788575554326,"Paes de Que Mais Gosto, Os"
9788526022386,"Pais de Joao, O"
9788526012967,"Palavra do Grande Chefe, A - Uma Adaptacao Livre"
9788526018846,"Palavras voam, As: Cecilia Meireles"
9788526005617,Panorama do Teatro Brasileiro
9788575551134,Pao da Paz
9788526007130,"Papagaio Real, O"
9788526013742,Para Criar Passarinho
9788526018839,Para querer bem: Manuel Bandeira
9788526011182,Parece Que Foi Ontem
9788526013384,Passarinho me Contou
9788526009615,"Passeio de Rosinha, O"
9788526010093,"Patas da Vaca, As"
9788526011144,Pe de Poesia
9788526010321,"Pedra da Sabedoria, A"
9788526008878,"Pedra no Sapato do Heroi, A"
9788526012936,Pedro
9788526012370,"Pedro Malazartes, Como o Diabo Gosta"
9788526013025,"Pega Ele, Silencio"
"","R$           45,00","R$     22,50"
"","R$           42,00","R$     21,00"
"","R$           45,00","R$     22,50"
"","R$           39,00","R$     19,50"
"","R$         149,00","R$     74,50"
"","R$           59,00","R$     29,50"
"","R$           59,00","R$     29,50"
"","R$           35,00","R$     17,50"
"","R$           55,00","R$     27,50"
"","R$           49,90","R$     24,95"
"","R$           39,00","R$     19,50"
"","R$           45,00","R$     22,50"
"","R$           45,00","R$     22,50"
"","R$           42,00","R$     21,00"
"","R$         149,00","R$     74,50"
"","R$           45,00","R$     22,50"
"","R$           49,00","R$     24,50"
"","R$           49,90","R$     24,95"
"","R$           55,00","R$     27,50"
"","R$         189,00","R$     94,50"
"","R$           45,00","R$     22,50"
"","R$           49,00","R$     24,50"
"","R$           49,90","R$     24,95"
"","R$           42,00","R$     21,00"
"","R$           45,00","R$     22,50"
"","R$           45,00","R$     22,50"
"","R$           42,00","R$     21,00"
"","R$           45,00","R$     22,50"
"","R$           49,00","R$     24,50"
"","R$           45,00","R$     22,50"
"","R$           42,00","R$     21,00"
"","R$           49,00","R$     24,50"
"","R$           49,00","R$     24,50"
9788585351977,Pegada Ecologica e Sustentabilidade Humana
9788575552322,Pelo Amor
9788526009929,"Pendulo da Noite, O"
9788526020139,"Pequena Serenata do Sapo Cantor, A"
9788526012943,"Pequeno Crocodilo, O"
9788526023765,"Pequeno Muck, O"
9788526020092,Pequeno oratorio de Santa Clara; Romance de Santa Cecília; e
9788526022935,"Pequeno Principe, O"
9788526015067,Pequeno Vocabulario da Lingua Portuguesa
9788526025219,Perdido na Amazonia 1- Dan Contra a Terrivel Dra. Nova
9786556120478,Perdido na Amazonia 2 - Dan e os Bucaneiros
9788526015623,Perfil de Euclides e Outros Perfis
9788526019027,"Pesca, A"
9788526016835,"Pescadores e Suas Filhas, Os"
9788526019010,"Pescaria, A"
9788526008342,"Piao, O"
9788526018037,"Pingos e o Verao, Os"
9788526018020,"Pingos e os Amigos, Os"
9788526022775,"Pingos em quadrinhos, Os"
9788526012363,"Pintinho Que Nasceu Quadrado, O"
9788526024137,"Pipa (brochura), A"
9788526023635,"Pipa, A"
9788526022140,"Pistoia, Cemiterio Militar Brasileiro"
9788526018105,Planejamento de Propaganda
9788526010659,Poema do Milho
9788526002104,Poemas de Amor
9788526022607,Poemas de Viagens
9788526019959,Poemas Dos Becos de Goias
9788526020108,Poemas escritos na India
9788526022379,Poemas Italianos
9788526022409,Poemas Traduzidos
9786556120645,Poesia Autonima - Vol. 1
9788526022072,"Poesia e Necessaria, A"
"","R$           55,00","R$     27,50"
"","R$           89,00","R$     44,50"
"","R$           49,00","R$     24,50"
"","R$           45,00","R$     22,50"
"","R$           45,00","R$     22,50"
"","R$           49,00","R$     24,50"
"","R$           39,00","R$     19,50"
"","R$           45,00","R$     22,50"
"","R$           45,00","R$     22,50"
"","R$           49,00","R$     24,50"
"","R$           55,00","R$     27,50"
"","R$           49,90","R$     24,95"
"","R$           39,00","R$     19,50"
"","R$           49,90","R$     24,95"
"","R$           35,00","R$     17,50"
"","R$           39,00","R$     19,50"
"","R$           32,00","R$     16,00"
"","R$           32,00","R$     16,00"
"","R$           35,00","R$     17,50"
"","R$           45,00","R$     22,50"
"","R$           49,90","R$     24,95"
"","R$           55,00","R$     27,50"
"","R$           42,00","R$     21,00"
"","R$           45,00","R$     22,50"
"","R$           45,00","R$     22,50"
"","R$           39,00","R$     19,50"
"","R$           49,90","R$     24,95"
"","R$           55,00","R$     27,50"
"","R$           49,00","R$     24,50"
"","R$           49,00","R$     24,50"
"","R$           49,90","R$     24,95"
"","R$           99,00","R$     49,50"
"","R$           49,00","R$     24,50"
9788526012554,Poesia em Quatro Tempos
9788526006911,Poesia Visual
9788526023390,"Poeta e Outras Cronicas de Literatura e Vida, O"
9788526015616,Poetas da America de Canto Castelhano
9788526009370,"Pois e, Poesia (poesias p/jovens)"
9786556120065,Pontos de interrogacao
9788526005204,Por Acaso
9788526015760,Por Dentro do Escuro
9788526010307,Por Que os Mosquitos Zunem no Ouvido da Gente?
9788526023475,Por Todos os Bichos
9788575553879,Pororoca - A onda da Amazonia
9788526021112,Pouso do Sossego
9788526022256,"Povo Brasileiro, O"
9788526006188,"Povo Pataxo e Suas Historias, O"
9788526022201,Pra Brincar
9788526015630,"Prato Azul Pombinho, O"
9788526010789,Preludio da Cachaca
9788526020375,Preludio e Fuga do Real
9788526010918,"Presente de Ossanha, O"
9788575552353,Primavera Silenciosa
9788526010963,Primeira Estrela Que Vejo e a Estr. do Meu Desejo
9788526024779,Primeiras Estorias - Joao Guimaraes Rosa.
9788526008885,Primeiro Amor
9788526008380,"Primeiro Emprego, O"
9788581840895,Primeiros passos - Cores
9788581840901,Primeiros passos - Pares
9788526006935,"Princesa de Bambulua, A"
9788526022539,Problemas da Literatura Infantil
9788526020757,Procura-se um rei
9788526012721,"Professor Burrim e as Quatro Calamidades, O"
9788526013797,Programa Bebelendo - Uma Intervencao Precoce de Leitura
9788526013575,"Prosa do Mundo, A"
9788526008397,Prosas Urbanas
"","R$           45,00","R$     22,50"
"","R$           49,00","R$     24,50"
"","R$           42,00","R$     21,00"
"","R$           89,00","R$     44,50"
"","R$           45,00","R$     22,50"
"","R$           49,00","R$     24,50"
"","R$           39,00","R$     19,50"
"","R$           45,00","R$     22,50"
"","R$           49,00","R$     24,50"
"","R$           49,90","R$     24,95"
"","R$         169,00","R$     84,50"
"","R$           49,00","R$     24,50"
"","R$           59,00","R$     29,50"
"","R$           49,00","R$     24,50"
"","R$           45,00","R$     22,50"
"","R$           45,00","R$     22,50"
"","R$           49,00","R$     24,50"
"","R$           59,00","R$     29,50"
"","R$           39,00","R$     19,50"
"","R$           49,00","R$     24,50"
"","R$           45,00","R$     22,50"
"","R$           49,00","R$     24,50"
"","R$           45,00","R$     22,50"
"","R$           45,00","R$     22,50"
"","R$           45,00","R$     22,50"
"","R$           45,00","R$     22,50"
"","R$           45,00","R$     22,50"
"","R$           42,00","R$     21,00"
"","R$           45,00","R$     22,50"
"","R$           45,00","R$     22,50"
"","R$           49,90","R$     24,95"
"","R$           45,00","R$     22,50"
"","R$           45,00","R$     22,50"
9788526009127,Quando a Onca Ganhou Suas Pintas... Como Virou
9788526018068,Quando passam as nuvens
9788526018877,Quando passam as nuvens - Capa dura
9788526014008,Quando Pedro Tinha Nove Anos
9788575550380,Quarenta Contribuicoes Pessoais P/sustentabilidade
9788526018990,Que Delicia
9788526024830,Que jejum!
9788526022164,"Que se Diz e o Que se Entende, O"
9788526012820,Quem Casa Quer Casa?
9788526016545,Quem Foi Que Fez
9788526011069,Quem Nao Gosta de Fruta e Xarope
9788526013049,Quem Perde Ganha
9788526022362,"Questao do negro na sala de aula, A"
9788526002227,Rabiscos ou Rabanetes
9786556121031,"Raios, Os"
9788526012622,Raminho de Alecrim
9788526009967,"Rapto do Garoto de Ouro, O"
9788526024168,Recado de Primavera
9786556121550,"Recado do Morro , o"
9788575552377,Receitas Saborosas Cafe da Manha
9788575552087,Receitas Saborosas Com Aves
9788575551202,Receitas Saborosas Com Carne
9788575552070,Receitas Saborosas Com Massas
9788575552063,Receitas Saborosas Com Peixes
9788575552445,Receitas Saborosas Sobremesas
9788575553060,Receitas saborosas vegetarianas
9788575552841,"Reciclaveis 2.0, Os"
9788575552858,"Reciclaveis, Os"
9788581840086,Recicle
9788526007147,Rede de Dormir
9788526013933,Reencontro Com o Menino Poeta
9788526016002,"Rei de Quase Tudo, O"
9788526008755,"Rei Preto de Ouro Preto, O"
"","R$           49,00","R$     24,50"
"","R$           49,00","R$     24,50"
"","R$           52,00","R$     26,00"
"","R$           45,00","R$     22,50"
"","R$           49,00","R$     24,50"
"","R$           35,00","R$     17,50"
"","R$           42,00","R$     21,00"
"","R$           55,00","R$     27,50"
"","R$           39,00","R$     19,50"
"","R$           45,00","R$     22,50"
"","R$           45,00","R$     22,50"
"","R$           45,00","R$     22,50"
"","R$           49,00","R$     24,50"
"","R$           39,00","R$     19,50"
"","R$           49,00","R$     24,50"
"","R$           45,00","R$     22,50"
"","R$           49,00","R$     24,50"
"","R$           45,00","R$     22,50"
"","R$           42,00","R$     21,00"
"","R$           79,00","R$     39,50"
"","R$           79,00","R$     39,50"
"","R$           65,00","R$     32,50"
"","R$           79,00","R$     39,50"
"","R$           79,00","R$     39,50"
"","R$           79,00","R$     39,50"
"","R$           79,00","R$     39,50"
"","R$           49,90","R$     24,95"
"","R$           49,90","R$     24,95"
"","R$           42,00","R$     21,00"
"","R$           49,90","R$     24,95"
"","R$           39,00","R$     19,50"
"","R$           49,00","R$     24,50"
"","R$           42,00","R$     21,00"
9788526007086,"Rei Que Mora no Mar, O"
9788526017795,"Rei, O Profeta e o Canario, O"
9788526010796,Religiao no Povo
9788526008069,Religioes do Mundo
9788526020689,Retrato Natural
9788526005877,"Revolta Dos Guarda-Chuvas, A"
9788526019584,"Revolta, A"
9788581841236,Rio de Janeiro
9788526024762,"Rio, O"
9788526020672,"Ritmo Dissoluto, O"
9786587659145,Robô
9788526023048,"Roda da Vida, A"
9788526021907,"Romanceiro da Inconfidencia, O - Brochura"
9788526014343,Rosa de Los Vientos
9788526014053,Rosa Dos Ventos
9788526011458,Roteiro da Poesia Brasileira - Romantismo
9788526011571,Roteiro da Poesia Brasileira -Anos 2000
9788526011502,Roteiro da Poesia Brasileira -Anos 30
9788526011519,Roteiro da Poesia Brasileira -Anos 40
9788526011526,Roteiro da Poesia Brasileira -Anos 50
9788526011533,Roteiro da Poesia Brasileira -Anos 60
9788526011540,Roteiro da Poesia Brasileira -Anos 70
9788526011557,Roteiro da Poesia Brasileira -Anos 80
9788526011564,Roteiro da Poesia Brasileira -Anos 90
9788526011496,Roteiro da Poesia Brasileira -Modernismo
9788526011465,Roteiro da Poesia Brasileira -Parnasianismo
9788526011489,Roteiro da Poesia Brasileira -Pre-Modernismo
9788526011434,Roteiro da Poesia Brasileira -Raizes
9788526011472,Roteiro da Poesia Brasileira -Simbolismo
9788526009257,"Rouxinol e o Imperador da China, O"
9788526017696,Rua do sol
9788526019898,Rubem Braga - Cronicas para Jovens
9786556120553,"Rubem Braga, Coletânea  Box"
"","R$           39,00","R$     19,50"
"","R$           42,00","R$     21,00"
"","R$           55,00","R$     27,50"
"","R$           55,00","R$     27,50"
"","R$           49,90","R$     24,95"
"","R$           39,00","R$     19,50"
"","R$           39,00","R$     19,50"
"","R$           24,90","R$     12,45"
"","R$           45,00","R$     22,50"
"","R$           42,00","R$     21,00"
"","R$           45,00","R$     22,50"
"","R$           35,00","R$     17,50"
"","R$           55,00","R$     27,50"
"","R$           49,00","R$     24,50"
"","R$           49,00","R$     24,50"
"","R$           52,00","R$     26,00"
"","R$           49,00","R$     24,50"
"","R$           49,00","R$     24,50"
"","R$           49,00","R$     24,50"
"","R$           52,00","R$     26,00"
"","R$           52,00","R$     26,00"
"","R$           52,00","R$     26,00"
"","R$           52,00","R$     26,00"
"","R$           49,00","R$     24,50"
"","R$           49,00","R$     24,50"
"","R$           49,00","R$     24,50"
"","R$           49,00","R$     24,50"
"","R$           52,00","R$     26,00"
"","R$           52,00","R$     26,00"
"","R$           49,00","R$     24,50"
"","R$           49,90","R$     24,95"
"","R$           49,00","R$     24,50"
"","R$         179,00","R$     89,50"
9788575550328,"Sabedoria da Menopausa, A"
9788526008946,Sabedoria Das Aguas
9788526019287,Sabem Por Que?
9788575553114,Sabores Brasileiros - Receitas Típicas por Região
9788526024649,Sagarana
9786556120461,Salada de Limeriques
9788526016118,Salvaje
9788526003071,Sangue Fresco
9788575554609,Santinho
9788526010567,Sapato Furado
9788526009943,Sapo Amarelo
9788526022591,Se For Pra Chorar Que Seja de Alegria
9788526011076,Se Liga
9788526016484,Se Liga no Meio Ambiente
9788526013377,Se um Gato For...
9788575553268,"Segredo da Coluna Saudavel, O - Siga os Passos"
9788526009899,"Segredo da Nuvem, O"
9788575554364,Selecao Brasileira de Gastronomia
9788526014763,Selvagem
9788526023796,Sem Palmeira ou Sabia
9788526012868,Senhorita Julia
9788526014909,"Sensacao de Setembro, A"
9788526020566,Sequestro em parada de Lucas
9788575554418,Ser Mae
9788575553886,Ser Mulher
9788526016521,Serra da Capivara.Com
9788526005518,Sete Cavalos na Berlinda
9788526006317,Sete Historias
9788526018921,Sete ossos e uma maldicao
9788575551912,Sete Roteiros de Aventuras - Viajando Pelo Mundo
9788526012639,Sexo a Moda Patriarcal
9788575554678,Sinais do Mar
9788575552544,Sinal Verde Para a Carne Vermelha
"","R$           69,00","R$     34,50"
"","R$           49,00","R$     24,50"
"","R$           39,00","R$     19,50"
"","R$         169,00","R$     84,50"
"","R$           59,00","R$     29,50"
"","R$           45,00","R$     22,50"
"","R$           55,00","R$     27,50"
"","R$           49,00","R$     24,50"
"","R$           99,00","R$     49,50"
"","R$           49,00","R$     24,50"
"","R$           49,00","R$     24,50"
"","R$           49,00","R$     24,50"
"","R$           45,00","R$     22,50"
"","R$           25,20","R$     12,60"
"","R$           45,00","R$     22,50"
"","R$           49,00","R$     24,50"
"","R$           45,00","R$     22,50"
"","R$         169,00","R$     84,50"
"","R$           55,00","R$     27,50"
"","R$           42,00","R$     21,00"
"","R$           42,00","R$     21,00"
"","R$           55,00","R$     27,50"
"","R$           49,00","R$     24,50"
"","R$           49,90","R$     24,95"
"","R$           49,90","R$     24,95"
"","R$           45,00","R$     22,50"
"","R$           39,00","R$     19,50"
"","R$           42,00","R$     21,00"
"","R$           45,00","R$     22,50"
"","R$           49,00","R$     24,50"
"","R$           49,90","R$     24,95"
"","R$           42,00","R$     21,00"
"","R$           45,00","R$     22,50"
9788575552384,Sindrome de Down (Relato de um Pai Apaixonado)
9788526016842,"Sinos, Os"
9788526012530,So Meu
9788575552520,Sob o Mar-Vento
9788526008359,Sobrados e Mucambos
9788526024755,"Sobre Ler, Escrever e Outros Dialogos"
9788526025189,Sociologia do Acucar
9788526008090,"Soldado e a Trombeta, O"
9788526019003,Solombra
9788526015791,"Sombra do Cipreste, A"
9788526011113,Somos Todos Igualzinhos
9788526019263,"Sonho de Prequete, O"
9788526022485,Sonhos
9788526009783,Soy Loco Por ti America
9788526020696,Stefano
9788526010314,Strega Nona - a Avo Feiticeira
9788575554395,Surfe por sua vida
9788575552575,"Sutil Desequilibrio do Estresse, O"
9788575554517,Taiu - Na onda do Espirito
9788526017351,Talvez Poesia
9788526010956,Tapas e Beijos da Comadre Onca
9788526016057,Tapete de Silencio
9788581841465,Tchau Tchau Chupeta
9788526021501,Teadorar
9788526009172,Teatro da Obsessao: Nelson Rodrigues
9788526009189,Teatro da Ruptura: Oswald de Andrade
9788526015418,"Tekoa, Conhecendo Uma Aldeia Indigena"
9788526005532,"Televisao da Bicharada, A"
9788526018860,Tem uma Semente na Barriga da Mamae
9788526019232,Tempo de Aprendiz
9788526025028,Tempo de Voo
9788526010741,Tempo Morto e Outros Tempos
9788526006225,Tempos de Paz
"","R$           45,00","R$     22,50"
"","R$           49,90","R$     24,95"
"","R$           49,00","R$     24,50"
"","R$           49,00","R$     24,50"
"","R$         139,00","R$     69,50"
"","R$           42,00","R$     21,00"
"","R$           65,00","R$     32,50"
"","R$           42,00","R$     21,00"
"","R$           49,00","R$     24,50"
"","R$           45,00","R$     22,50"
"","R$           45,00","R$     22,50"
"","R$           45,00","R$     22,50"
"","R$           45,00","R$     22,50"
"","R$           49,00","R$     24,50"
"","R$           39,00","R$     19,50"
"","R$           49,00","R$     24,50"
"","R$           69,00","R$     34,50"
"","R$           55,00","R$     27,50"
"","R$           39,00","R$     19,50"
"","R$           49,90","R$     24,95"
"","R$           49,00","R$     24,50"
"","R$           45,00","R$     22,50"
"","R$           35,00","R$     17,50"
"","R$           45,00","R$     22,50"
"","R$           49,90","R$     24,95"
"","R$           49,90","R$     24,95"
"","R$           45,00","R$     22,50"
"","R$           42,00","R$     21,00"
"","R$           42,00","R$     21,00"
"","R$           95,00","R$     47,50"
"","R$           45,00","R$     22,50"
"","R$           69,00","R$     34,50"
"","R$           49,90","R$     24,95"
9788526020405,Tempos de Turbilhao - Relatos do golpe de 64
9788526005501,Tempos de Vida
9788526010574,Tenis
9788575551745,"Terra em Balanco - Ecologia e Espirito Humano , A"
9788526021433,"Tesouro da Casa Velha, O"
9788526020474,Testamento de Pasargada
9788526013582,Textos Economicos
9788526013599,Textos Politicos
9788526013605,Textos Revolucionarios
9788526013155,Tigres no Quintal
9788526024724,Tina
9788526022553,Tiradentes
9788575552711,Todas as Cores do Mar
9788526009103,Todas as Criancas da Terra
9788526010055,Todos Los Ninos de la Tierra
9788560791873,Toribio
9788526017740,Torre de Babel
9788526010666,"Torre do Reno, A"
9788526008410,Traco de Poeta
9788526017566,"Tradicao, Ciencia do Povo: Pesq. na Cult. Popular do Brasil."
9788526024991,"Traicao das elegantes, A"
9788575552148,Transtorno Bipolar - Guia Pratico
9788526015272,Trava-Linguas
9788526007871,"Trem Chegou Atrasado, O"
9788526018501,Trem de Ferro
9788526015333,Tremolo
9788526005884,"Tres Cachimbos, Os"
9788526016743,Tres Homens e Uma Canoa
9788526012875,"Tres Irmas, As"
9788581840888,"Tres Ladroes, Os"
9788526015555,"Tres Mosqueteiros, Os"
9788526024960,Trilogia de romances distopicos
9788526022751,Tudo ao Mesmo Tempo
"","R$           49,90","R$     24,95"
"","R$           49,90","R$     24,95"
"","R$           39,00","R$     19,50"
"","R$           49,90","R$     24,95"
"","R$           49,00","R$     24,50"
"","R$           65,00","R$     32,50"
"","R$           45,00","R$     22,50"
"","R$           42,00","R$     21,00"
"","R$           42,00","R$     21,00"
"","R$           49,00","R$     24,50"
"","R$           49,00","R$     24,50"
"","R$           42,00","R$     21,00"
"","R$           45,00","R$     22,50"
"","R$           42,00","R$     21,00"
"","R$           42,00","R$     21,00"
"","R$           55,00","R$     27,50"
"","R$           45,00","R$     22,50"
"","R$           45,00","R$     22,50"
"","R$           45,00","R$     22,50"
"","R$           49,90","R$     24,95"
"","R$           45,00","R$     22,50"
"","R$           55,00","R$     27,50"
"","R$           45,00","R$     22,50"
"","R$           39,00","R$     19,50"
"","R$           45,00","R$     22,50"
"","R$           49,00","R$     24,50"
"","R$           39,00","R$     19,50"
"","R$           42,00","R$     21,00"
"","R$           42,00","R$     21,00"
"","R$           49,00","R$     24,50"
"","R$           42,00","R$     21,00"
"","R$         169,00","R$     84,50"
"","R$           45,00","R$     22,50"
9788526007079,"Tumin, O Passarinho"
9788526015029,Tutu o Menino Indio
9788526019379,UEBA Voltando da Escola
9788526022225,Uira Sai a Procura de Deus
9788526013339,"Ultima Corrida, A"
9788526010062,"Ultima Viagem de Borges, A - Uma Evocacao"
9788526019928,"Ultimo mamifero do Martinelli, O"
9788526018556,Um Amor de Bebe
9788526006492,Um Amor Sem Palavras
9788526019935,Um Cadaver ouve radio
9788526005860,Um Elefante...
9788575552193,Um Esporte Para Criancas e Jovens
9788526009387,Um Fio de Prosa (ant de Contos e Cronicas P/jov)
9788526014114,Um Gato no Triangulo
9788526017719,Um Hino de Natal
9788526012837,Um Montao de Unicornios
9788526009677,Um Mundo Para Todos
9788526024847,Um pe de Milho
9788526002210,Um Pipi Choveu Aqui
9788526019621,Um Rosto no computador
9788526019256,Um Rosto Perdido
9788526005112,Um Sonho no Caroco do Abacate
9788575552131,Uma Breve Historia do Sexo
9788526005891,Uma Estranha Aventura em Talalai
9788526011090,Uma Ideia Toda Azul
9788526015340,Uma Nuvem Azul
9788526008274,Un Amor Sin Palabras
9788526007406,Urashima Taro - a historia de um pescador
9786556121086,"Urubuquaquá no Pinhém , No"
9786556121079,Usina
9788526019348,Utopia Selvagem
9788526011106,"Vaca Deslumbrada, A"
9788526016477,"Vaca Invisivel, A"
"","R$           39,00","R$     19,50"
"","R$           49,00","R$     24,50"
"","R$           45,00","R$     22,50"
"","R$           45,00","R$     22,50"
"","R$           49,00","R$     24,50"
"","R$           49,90","R$     24,95"
"","R$           45,00","R$     22,50"
"","R$           35,00","R$     17,50"
"","R$           42,00","R$     21,00"
"","R$           49,00","R$     24,50"
"","R$           35,00","R$     17,50"
"","R$           55,00","R$     27,50"
"","R$           45,00","R$     22,50"
"","R$           49,00","R$     24,50"
"","R$           69,00","R$     34,50"
"","R$           45,00","R$     22,50"
"","R$           49,00","R$     24,50"
"","R$           45,00","R$     22,50"
"","R$           39,00","R$     19,50"
"","R$           49,00","R$     24,50"
"","R$           39,00","R$     19,50"
"","R$           45,00","R$     22,50"
"","R$           45,00","R$     22,50"
"","R$           49,00","R$     24,50"
"","R$           45,00","R$     22,50"
"","R$           49,00","R$     24,50"
"","R$           42,00","R$     21,00"
"","R$           45,00","R$     22,50"
"","R$           55,00","R$     27,50"
"","R$           59,90","R$     29,95"
"","R$           49,90","R$     24,95"
"","R$           45,00","R$     22,50"
"","R$           45,00","R$     22,50"
9788526021617,"Vaca na 4a Dimensao, A"
9788526008106,"Vaca na Selva, A"
9788526013865,"Vaca Proibida, A"
9788526015395,"Vaca Submarina, A"
9788526011601,"Vaca Voadora, A"
9788526017689,Vaga Musica
9788526011991,Valentina
9788526016101,Valentina (espanhol)
9788575553831,Valentino Rossi - A obra prima
9788526023017,Vamos tocar o ABC
9788526009813,Vaqueiros e Cantadores
9788526014602,Vaqueiros e Cantadores Para Jovens
9788526012981,Veia Bailarina
9788526008823,"Velho Que Trazia a Noite, O"
9788575552124,Vencendo a Dor Cronica Apos Uma Lesao
9788526019614,"Venda, A"
9788526013308,Vento - Uma Historia Soprada Por Elma
9788526006621,"Verde Brilha no Poco, O"
9788526003651,"Verde Violentou o Muro, O"
9788526023369,Vermelho Amargo
9788526017061,Viagem
9788585351885,Viagem Interior ao Tibete
9788526010802,Viajando o Sertao
9788575554494,"Vida de Corais, Anemonas e Medusas, A"
9788575554623,"Vida dos lobos marinhos e leoes marinhos, focas e morsas, A"
9788575552629,"Vida Dos Tubaroes e Das Raias, A"
9788526023031,Vida e Obras de Alberto Caeiro
9788526024045,Vida e Obras de Ricardo Reis
9788526024571,Vida e Obras do Engenheiro Alvaro de Campos
9788526005945,"Vida em Pequenas Doses, A"
9788526004863,Vida Paixao e Morte do Heroi
9788526017665,Vida sencilla
9788526016491,Vida Simples
"","R$           45,00","R$     22,50"
"","R$           45,00","R$     22,50"
"","R$           45,00","R$     22,50"
"","R$           45,00","R$     22,50"
"","R$           45,00","R$     22,50"
"","R$           55,00","R$     27,50"
"","R$           49,00","R$     24,50"
"","R$           49,00","R$     24,50"
"","R$           49,00","R$     24,50"
"","R$           39,00","R$     19,50"
"","R$           69,00","R$     34,50"
"","R$           49,90","R$     24,95"
"","R$           49,00","R$     24,50"
"","R$           49,00","R$     24,50"
"","R$           49,00","R$     24,50"
"","R$           42,00","R$     21,00"
"","R$           45,00","R$     22,50"
"","R$           39,00","R$     19,50"
"","R$           49,90","R$     24,95"
"","R$           49,00","R$     24,50"
"","R$           55,00","R$     27,50"
"","R$           49,90","R$     24,95"
"","R$           49,90","R$     24,95"
"","R$           55,00","R$     27,50"
"","R$           55,00","R$     27,50"
"","R$           55,00","R$     27,50"
"","R$           69,00","R$     34,50"
"","R$           69,00","R$     34,50"
"","R$           85,00","R$     42,50"
"","R$           42,00","R$     21,00"
"","R$           42,00","R$     21,00"
"","R$           45,00","R$     22,50"
"","R$           45,00","R$     22,50"
9788526013148,Vida Social no Brasil Nos Meados do Seculo XIX,R$,"49,90",R$,"24,95"
9788526020122,Villa Boa de Goyaz,R$,"45,00",R$,"22,50"
9788526009882,Vinte e Tres Historias de um Viajante,R$,"59,00",R$,"29,50"
9788526018884,Vintem de Cobre,R$,"55,00",R$,"27,50"
9788575551301,Vivendo Com o Perigo,R$,"49,00",R$,"24,50"
9788526014657,Vocabulario Ortog. da Lingua Port.- Volp Capa Broc,R$,"120,00",R$,"60,00"
9788526013636,Vocabulario Ortografico da Lingua Portuguesa Volp,R$,"150,00",R$,"75,00"
9788526012905,"Voce e Jovem,Velho ou Dinossauro?",R$,"45,00",R$,"22,50"
9788581841250,Voce Escovou os Dentes Hoje?,R$,"45,00",R$,"22,50"
9788526008052,"Voce Lembra, Pai?",R$,"45,00",R$,"22,50"
9788575554319,Voce viu? Voce ouviu?,R$,"45,00",R$,"22,50"
9788526023277,W - Cartografia,R$,"49,00",R$,"24,50"
9788526021129,Walmir Ayala - Cronicas para jovens,R$,"49,00",R$,"24,50"
9788581840406,Warwick e as 3 Garrafas,R$,"49,00",R$,"24,50"
9788521001140,William Shakespeare - Teatro Completo,R$,"499,00",R$,"249,50"
9788526008137,Yo Era un Dragon,R$,"42,00",R$,"21,00"
9788526024908,Zero,R$,"59,00",R$,"29,50"
9788581840413,Zloty,R$,"49,00",R$,"24,50"
9788526009455,Zum Zum Zum,R$,"45,00",R$,"22,50"
9788526010925,Zumbi,R$,"42,00",R$,"21,00"
