Papirus Editora,"LISTA DE LIVROSFesta Virtual do Livroda USP 2021","use o cupom:USP50",,
ISBN,Título,Autores,"Preço decapa","Preço comdesconto"
9788530811419,"Abordagens pedagógicas do esporte:Modalidades convencionais e não convencionais","Vilma Nista-Piccolo / Elianade Toledo (orgs.)","R$   124,90","R$   62,45"
9788530807245,Adeus ao corpo: Antropologia e sociedade,David Le Breton,"R$     59,90","R$   29,95"
9788530805906,Alegria de ensinar (A),Rubem Alves,"R$     36,90","R$   18,45"
9788544900055,"Altas habilidades/superdotação, inteligência ecriatividade: Uma visão multidisciplinar","Angela Virgolim/ElisabeteKonkiewitz (orgs.)","R$   110,00","R$   55,00"
9788530810498,Alzheimer: Quando nossa mente fala,Lisa Snyder,"R$     62,00","R$   31,00"
9788530805760,Amor que acende a lua (O),Rubem Alves,"R$     56,00","R$   28,00"
9788530808198,Animação cultural (A): Conceitos e propostas,Victor Andrade de Melo,"R$     44,90","R$   22,45"
9788530802462,Ato fotográfico (O),Philippe Dubios,"R$     81,90","R$   40,95"
9788530808594,"Aula: Gênese, dimensões, princípios e práticas","Ilma Passos Alencastro Veiga(org.)","R$     74,90","R$   37,45"
9788530809201,Aulas de educação física no ensino médio,"Wagner Wey Moreira/ReginaSimões/Ida C. Martins","R$     44,90","R$   22,45"
9788530810504,"Autismo, educação e transdisciplinaridade",Carlo Schmidt,"R$     59,90","R$   29,95"
9788544902387,Avaliação: Interações com o trabalho pedagógico,"Benigna Maria de FreitasVillas Boas (org.)","R$     57,90","R$   28,95"
9788530800819,Bom professor e sua prática (O),Maria Isabel da Cunha,"R$     47,90","R$   23,95"
9788530807610,"Caindo na real: Cinderela e ChapeuzinhoVermelho para o tempo atual",Rubem Alves,"R$     34,90","R$   17,45"
9788544900130,"Carpe diem: As anotações essenciais de RubemAlves",Rubem Alves,"R$     72,90","R$   36,45"
9788530801151,Cartografia (A),Fernand Joly,"R$     41,90","R$   20,95"
9788530807658,"Cinema Novo: A onda do jovem cinema e suarecepção na França",Alexandre Figueirôa,"R$     63,90","R$   31,95"
9788530808990,Ciranda do ABC,Phillis Reily,"R$     44,90","R$   22,45"
9788530809232,Classificados desclassificados,João Proteti,"R$     44,90","R$   22,45"
9788544901236,"Como alfabetizar? Na roda com professoras dosanos iniciais","Cecília M.A. Goulart / MartaLima de Souza (orgs.)","R$     41,90","R$   20,95"
9788530805395,Concerto para corpo e alma,Rubem Alves,"R$     47,90","R$   23,95"
9788544900505,"Construção da identidade moral e práticaseducativas","Maria Augusta SalinGonçalves","R$     56,50","R$   28,25"
9788530809119,"Construindo o saber: Metodologia científica -Fundamentos e técnicas",Maria Cecilia M. De Carvalho,"R$     56,50","R$   28,25"
9788530805890,"Conversas com quem gosta de ensinar: (+)qualidade total na educação",Rubem Alves,"R$     42,90","R$   21,45"
9788544903261,Conversas sobre avaliação,"Benigna Maria de FreitasVillas Boas (org.)","R$     47,90","R$   23,95"
9788530801519,Criança e o número (A),Constance Kamii,"R$     41,90","R$   20,95"
9788530808556,"Criança terceirizada (A): Os descaminhos dasrelações familiares no mundo contemporâneo",Jose Martins Filho,"R$     41,90","R$   20,95"
9788530809669,Culpa é da pipoca (A),Dayse Torres,"R$     37,90","R$   18,95"
9788544903292,"Cultura de paz e educação para a paz: Olhares apartir da complexidade",Nei Alberto Salles Filho,"R$     72,90","R$   36,45"
9788530803308,Cultura no plural (A),Michel de Certeau,R$,"63,90",R$,"31,95"
"","Currículo, cultura e educação matemática: Uma",Elenilton Vieira Godoy,,,,
9788544900642,,,R$,"59,90",R$,"29,95"
"",aproximação possível?,,,,,
"",Currículo: Políticas e práticas,Antonio Flavio Barbosa,,,,
9788530805432,,,R$,"51,90",R$,"25,95"
"",,Moreira,,,,
9788530803056,Da cultura do corpo,Jocimar Daolio,R$,"36,90",R$,"18,45"
9788530801878,Dados estão lançados (Os),Jean-Paul Sartre,R$,"51,00",R$,"25,50"
9788530808884,Deficiente no discurso da legislação (O),Reinoldo Marquezan,R$,"47,90",R$,"23,95"
"",Destino vem do berço (O)? Desigualdades e,Camille Peugny,,,,
9788530811327,,,R$,"42,90",R$,"21,45"
"",reprodução social,,,,,
"",Dicionário crítico de educação e tecnologias e de,Daniel Mill,,,,
9788544902950,,,R$,"120,00",R$,"60,00"
"",educação a distância,,,,,
"",Dicionário teórico e crítico de cinema,Jacques Aumont / Michel,,,,
9788530807030,,,R$,"78,90",R$,"39,45"
"",,Marie,,,,
"",Didática das ciências (A),Jean-Pierre Astolfi/Michel,,,,
9788530801168,,,R$,"42,90",R$,"21,45"
"",,Develay,,,,
9788530805029,Didática e interdisciplinaridade,Ivani C. Arantes Fazenda,R$,"51,00",R$,"25,50"
9788530809485,Didática e prática de ensino de história,Selva Guimarães,R$,"109,90",R$,"54,95"
"",Didática: O ensino e suas relações,Ilma Passos Alencastro Veiga,,,,
9788530804237,,,R$,"51,00",R$,"25,50"
"",,(org.),,,,
9788530809676,Diferenças e desigualdades na escola,Marília Pinto de Carvalho,R$,"51,00",R$,"25,50"
"",Dimensão ambiental na educação (A) - Nova,Mauro Guimarães,,,,
9788544901274,,,R$,"41,90",R$,"20,95"
"",edição,,,,,
"",Dinâmicas de grupo para treinamento,Regina Gargantini Bratfisch,,,,
9788530807597,,,R$,"49,90",R$,"24,95"
"",motivacional,Simionato,,,,
9788530811075,Do amor à beleza,Rubem Alves,R$,"59,90",R$,"29,95"
9788530801717,Dobra (A): Leibniz e o barroco,Gilles Deleuze,R$,"59,90",R$,"29,95"
9788530805463,E aí? Cartas aos adolescentes e a seus pais,Rubem Alves,R$,"42,90",R$,"21,45"
"",Educação a distância: Democracia e utopia na,Joy Nunes da Silva Barros,,,,
9788544900840,,,R$,"65,90",R$,"32,95"
"",sociedade do conhecimento,,,,,
"","Educação como resposta responsável: Conhecer,",Sonia Kramer,,,,
9786556500966,,,R$,"48,90",R$,"24,45"
"",acolher e agir_LANÇAMENTO,,,,,
"",Educação e tecnologias: O novo ritmo da,Vani Moreira Kenski,,,,
9788530808280,,,R$,"44,90",R$,"22,45"
"",informação,,,,,
9788530809140,"Educação física cuida do corpo... e ""mente""",João Paulo S. Medina,R$,"47,90",R$,"23,95"
"",Educação física e esporte no século XXI,Wagner Wey Moreira/Vilma,,,,
9788544901960,,,R$,"92,90",R$,"46,45"
"",,L. Nista-Piccolo (orgs.),,,,
"",Educação física no Brasil: A história que não se,Lino Castellani Filho,,,,
9788530800215,,,R$,"48,90",R$,"24,45"
"",conta,,,,,
"",Educação infantil: A luta pela infância,Anete Abramowicz/Afonso,,,,
9788544903001,,,R$,"49,90",R$,"24,95"
"",,Canella Henriques (orgs.),,,,
"",Educação infantil: Enfoques em diálogo,Eloisa Candal Rocha / Sonia,,,,
9788530809256,,,R$,"96,90",R$,"48,45"
"",,Kramer,,,,
"",Educação infantil: Formação e responsabilidade,Sonia Kramer,,,,
9788530810528,,,R$,"79,90",R$,"39,95"
"",Educação infantil: Saberes e fazeres da formação,Luciana E. Osteto,,,,
9788530808761,,,R$,"44,90",R$,"22,45"
"",de professores,,,,,
9788530804107,Educação matemática: Da teoria a prática,Ubiratan D'ambrosio,R$,"41,90",R$,"20,95"
"",Educação para todos: As muitas faces da inclusão,Anna Maria L. Padilha/Ivone,,,,
9788530810542,,,R$,"51,00",R$,"25,50"
"",escolar,M. de Oliveira (orgs.),,,,
"",Educação que desejamos (A): Novos desafios e,Jose Manuel Moran,,,,
9788530808358,,,R$,"48,90",R$,"24,45"
"",como chegar lá,,,,,
"",Encontros e encantamentos na educação infantil,Luciana Esmeralda Ostetto,,,,
9788530805814,,,R$,"56,50",R$,"28,25"
"",Ensaio sobre a análise fílmica,Francis Vanoye/Anne Goliot-,,,,
9788530803117,,,R$,"44,90",R$,"22,45"
"",,Lété,,,,
"",Ensinar história no século XXI: Em busca do,Marcos Silva / Selva,,,,
9788530808518,,,R$,"44,90",R$,"22,45"
"",tempo entendido,Guimaraes Fonseca,,,,
9788530809461,Ensino de geografia na escola,Lana de Souza Cavalcanti,R$,"56,50",R$,"28,25"
9788544901816,Ensino de história e cidadania,Selva Guimarães,R$,"75,90",R$,"37,95"
"",Ensino fundamental: Da LDB à BNCC,Ilma Passos A. Veiga/Edileuza,,,,
9788544902967,,,R$,"64,90",R$,"32,45"
"",,F. da Silva (orgs.),,,,
"",Escola com que sempre sonhei sem imaginar que,Rubem Alves,,,,
9788530806262,,,R$,"42,90",R$,"21,45"
"",pudesse existir (A),,,,,
9788530807528,Escola inclusiva: Linguagem e mediação,Lucia Reily,R$,"64,90",R$,"32,45"
"",Escola: Espaço do projeto político-pedagógico,Ilma Passos A. Veiga/Lúcia,,,,
9788530805326,,,R$,"56,50",R$,"28,25"
"",,Maria G. Resende (orgs),,,,
"","Escureceu, apareceu! Bichos que gostam da noite",Lalau; Laurabeatriz,,,,
9786556500409,,,R$,"44,90",R$,"22,45"
9788530803490,Estética do filme (A),Jacques Aumont,R$,"73,90",R$,"36,95"
"",Estórias de quem gosta de ensinar: O fim dos,Rubem Alves,,,,
9788530805883,,,R$,"49,90",R$,"24,95"
"",vestibulares,,,,,
9788544902004,Estratégias didáticas para aulas criativas,Simão de Miranda,R$,"44,90",R$,"22,45"
9788530804589,Ética e cidadania: Caminhos da filosofia,Silvio Gallo,R$,"48,00",R$,"24,00"
9788530804336,Ética e educação ambiental,Mauro Grün,R$,"42,90",R$,"21,45"
9788530809270,Ética para meus pais,Yves de La Taille,R$,"69,00",R$,"34,50"
"",Ética: Pesquisa e práticas com crianças na,Sonia Kramer et al. (orgs.),,,,
9788544903278,,,R$,"57,90",R$,"28,95"
"",educação infantil,,,,,
9788530803766,Etnografia da prática escolar,Marli André,R$,"42,90",R$,"21,45"
9788530809898,Fábula cinematográfica (A),Jacques Rancière,R$,"69,90",R$,"34,95"
9788530805050,Faça seu próprio brinquedo,Simão de Miranda,R$,"34,90",R$,"17,45"
"",Feminino e plural: Mulheres no cinema brasileiro,Karla Holanda / Marina,,,,
9788544902653,,,R$,"62,90",R$,"31,45"
"",,Cavalcanti Tedesco (orgs.),,,,
"",Filme-ensaio (O): Desde Montaigne e depois de,Timothy Corrigan,,,,
9788544900512,,,R$,"89,90",R$,"44,95"
"",Marker,,,,,
9788530810467,Filosofia das ciências,Pascal Nouvel,R$,"64,50",R$,"32,25"
"",Fim do cinema (O)? Uma mídia em crise na era,André Gaudreault / Philippe,,,,
9788544901809,,,R$,"69,90",R$,"34,95"
"",digital,Marion,,,,
"",Física no ensino médio (A): Livro do professor - 2a,Márcio Barreto,,,,
9786556500614,,,R$,"74,50",R$,"37,25"
"",Edição revista e atualizada,,,,,
"",Formação médica e aprendizagem baseada em,Ilma Passos Alencastro Veiga,,,,
9788544900703,,,R$,"69,90",R$,"34,95"
"",problemas,(org.),,,,
"","Geografia (A): Isso serve, em primeiro lugar, para",Yves Lacoste,,,,
9788530804473,,,R$,"59,90",R$,"29,95"
"",fazer a guerra,,,,,
"","Geografia, escola e construção de conhecimentos",Lana de Souza Cavalcanti,,,,
9788530805166,,,R$,"51,00",R$,"25,50"
"",Gestão democrática na escola: Artes e ofícios da,Dinair Leal da Hora,,,,
9788530802875,,,R$,"42,90",R$,"21,45"
"",participação coletiva,,,,,
9788530808181,História do cinema mundial,Fernando Mascarello,R$,"96,90",R$,"48,45"
9788530811464,Humor e tristeza: O direito de rir,Yves de La Taille,R$,"63,90",R$,"31,95"
9788530802349,Imagem (A),Jacques Aumont,R$,"78,90",R$,"39,45"
"","Infância e linguagem: Bakhtin, Vygotsky e",Solange Jobim e Souza,,,,
9788530802622,,,R$,"48,90",R$,"24,45"
"",Benjamin,,,,,
"",Inteligências múltiplas e seus estímulos (As),Celso Antunes,,,,
9788530805128,,,R$,"44,90",R$,"22,45"
"",Interdisciplinaridade na pesquisa científica,Ivani Fazenda/Dirce,,,,
9788544901243,,,R$,"42,90",R$,"21,45"
"",,Tavares/Herminia Godoy,,,,
"","Interdisciplinaridade: História, teoria e pesquisa Ivani Fazenda",,,,,
9788530803070,,,R$,"44,90",R$,"22,45"
9788530804244,Introdução à análise da imagem Martine Joly,,R$,"47,50",R$,"23,75"
9788530807320,Introdução à teoria do cinema Robert Stam,,R$,"95,00",R$,"47,50"
9788544901441,Introdução ao documentário - Nova edição Bill Nichols,,R$,"94,90",R$,"47,45"
"",Jogos digitais e aprendizagem: Fundamentos para Lynn Alves / Isa de Jesus,,,,,
9788544901489,,,R$,"71,50",R$,"35,75"
"",uma prática baseada em evidências Coutinho (orgs.),,,,,
"",Jogos e brincadeiras na educação infantil Maria Aparecida Cória-sabini,,,,,
9788530807474,,,R$,"36,90",R$,"18,45"
"",Lições de didática Ilma Passos Alencastro Veiga,,,,,
9788530808068,,,R$,"48,90",R$,"24,45"
9788530809935,Lições do velho professor Rubem Alves,,R$,"64,90",R$,"32,45"
9788544902424,Liturgia escolar na Idade Moderna (A) Carlota Boto,,R$,"71,50",R$,"35,75"
9788530811396,Livro para voar João Proteti,,R$,"44,90",R$,"22,45"
9788530809546,Luz e sombra Nye Ribeiro,,R$,"39,90",R$,"19,95"
"",Marcas da educação matemática no ensino Ana Márcia Fernandes Tucci,,,,,
9788530810375,,,R$,"79,90",R$,"39,95"
"",superior de Carvalho,,,,,
"",Matemática através de brincadeiras e jogos (A) Ivana V. D. Aranao,,,,,
9788530809287,,,R$,"36,90",R$,"18,45"
9788530806729,Médico (O) Rubem Alves,,R$,"36,90",R$,"18,45"
9788530808655,Melhores crônicas de Rubem Alves (As) Rubem Alves,,R$,"46,90",R$,"23,45"
"",Metodologia da pesquisa: Abordagem teórico- Elisabete Matallo M. de,,,,,
9788544902073,,,R$,"45,90",R$,"22,95"
"",prática - Ed. revista e ampliada Pádua,,,,,
"",Metodologia do ensino de filosofia: Uma didática Sílvio Gallo,,,,,
9788530809515,,,R$,"52,90",R$,"26,45"
"",para o ensino médio,,,,,
"",Mise en scène no cinema (A): Do clássico ao Luiz Carlos Oliveira Júnior,,,,,
9788530810511,,,R$,"73,50",R$,"36,75"
"",cinema de fluxo,,,,,
"",Mistério das bolas de gude (O): Histórias de Gilberto Dimenstein,,,,,
9788530807962,,,R$,"51,00",R$,"25,50"
"",humanos quase invisíveis,,,,,
"",Não lugares: Introdução a uma antropologia da Marc Augé,,,,,
9788530802912,,,R$,"42,90",R$,"21,45"
"",supermodernidade,,,,,
9786556500836,Nas águas do rio_LANÇAMENTO Nye Ribeiro,,R$,"48,90",R$,"24,45"
"",Net-ativismo: Redes digitais e novas práticas de Massimo Di Felice/Erick,,,,,
9788544902660,,,R$,"68,00",R$,"34,00"
"",participação Roza/Eliete Pereira(orgs.),,,,,
9788530809447,Nouvelle Vague e Godard (A) Michel Marie,,R$,"65,90",R$,"32,95"
"",Novas tecnologias e mediação pedagógica José M.Moran/Marcos,,,,,
9788530809966,,,R$,"48,90",R$,"24,45"
"",T.Masetto/Marilda A.Behrens,,,,,
"",Nove aulas inovadoras na universidade Edileuza Fernandes da Silva,,,,,
9788530809324,,,R$,"56,50",R$,"28,25"
"",Nutrição: Interdisciplinaridade na prática Karen L. Currie / Sheila E.,,,,,
9788544902561,,,R$,"72,90",R$,"36,45"
"",Currie de Carvalho,,,,,
"",Oficina de criação literária: Como ensinar saberes Simão de Miranda,,,,,
9786556500379,,,R$,"44,90",R$,"22,45"
"",e sabores da leitura e da escrita,,,,,
9788530810146,Oficina de ludicidade na escola Simão de Miranda,,R$,"44,90",R$,"22,45"
"",Orientação vocacional: O que as escolas têm a Deborah Bulbarelli Valentini,,,,,
9788530810443,,,R$,"47,90",R$,"23,95"
"",ver com isso?,,,,,
9788530809416,Palavras para desatar nós Rubem Alves,,R$,"51,00",R$,"25,50"
"",Papel da pesquisa na formação e na prática dos Marli Eliza D.a De Andre,,,,,
9788530806484,,,R$,"44,90",R$,"22,45"
"",professores (O),,,,,
"",Para ensinar educação física: Possibilidades de Suraya Cristina Darido/Osmar,,,,,
9788530808433,,,R$,"129,90",R$,"64,95"
"",intervenção na escola Moreira de Souza Jr.,,,,,
9788530809539,Para onde foi o futuro? Marc Augé,,R$,"43,90",R$,"21,95"
9788544901472,Para quem gosta de ensinar Rubem Alves,,R$,"64,90",R$,"32,45"
9788530809874,Pedagogia da felicidade de Makiguti (A) Rita Ribeiro Voss,,R$,"44,90",R$,"22,45"
9788530800833,Pensamento selvagem (O) Claude Lévi-strauss,,R$,"78,90",R$,"39,45"
"",Pensamento sistêmico: O novo paradigma da Maria José Vasconcellos,,,,,
9788544902943,,,R$,"65,90",R$,"32,95"
"",ciência,,,,,
"",Pesquisa em educação e as transformações do Ivani Fazenda,,,,,
9788530803735,,,R$,"47,90",R$,"23,95"
"",conhecimento (A),,,,,
9788530802738,"Política social, educação e cidadania Pedro Demo",,R$,"43,90",R$,"21,95"
"",Por que arte-educação? João-Francisco Duarte Júnior,,,,,
9788530800031,,,R$,"34,90",R$,"17,45"
9788530806712,Por uma educação romântica Rubem Alves,,R$,"56,50",R$,"28,25"
"","Portfólio, avaliação e trabalho pedagógico Benigna Maria de Freitas",,,,,
9788530807566,,,R$,"51,00",R$,"25,50"
"",Villas Boas Boas,,,,,
"",Prática de ensino e o estágio supervisionado (A) Stela C. Bertholo Piconez,,,,,
9788530801595,,,R$,"42,90",R$,"21,45"
"",Práticas inovadoras na formação de professores Marli Andre (org.),,,,,
9788544901496,,,R$,"64,90",R$,"32,45"
"",Projeto político-pedagógico da escola: Uma Ilma Passos Alencastro Veiga,,,,,
9788530803704,,,R$,"51,00",R$,"25,50"
"",construção possível (org.),,,,,
9788544901984,Quando a escola vai ao museu Cristina Carvalho,,R$,"59,90",R$,"29,95"
9788530809522,Quando eu era menino Rubem Alves,,R$,"46,90",R$,"23,45"
"",Quatro estações (As) João Proteti/Marília,,,,,
9788530810351,,,R$,"54,90",R$,"27,45"
"",Cotomacci,,,,,
9788530809041,Quer que eu lhe conte uma estória? Rubem Alves,,R$,"48,50",R$,"24,25"
9788530807931,Quero um bichinho de estimação Nye Ribeiro / Karen Elis,,R$,"32,90",R$,"16,45"
9788530803933,Razões práticas: Sobre a teoria da ação Pierre Bourdieu,,R$,"56,50",R$,"28,25"
"",Registros na educação infantil: Pesquisa e prática Luciana Esmeralda Ostetto,,,,,
9788544902707,,,R$,"47,50",R$,"23,75"
"",pedagógica (org.),,,,,
"",Relaxamento para todos: Controle o seu stress Marilda Novaes Lipp,,,,,
9788530804855,,,R$,"54,90",R$,"27,45"
"",Repensando a didática Ilma Passos Alencastro Veiga,,,,,
9788530801533,,,R$,"47,90",R$,"23,95"
"",(org.),,,,,
9788530809096,Retorno e terno (O) Rubem Alves,,R$,"49,90",R$,"24,95"
9788530809577,Rindo escondido João Proteti,,R$,"44,90",R$,"22,45"
"",Roteiro de documentário: Da pré-produção à pós- Sérgio Puccini,,,,,
9788530808891,,,R$,"47,90",R$,"23,95"
"",produção,,,,,
9788530808846,Sentimentos que causa stress Marilda Lipp,,R$,"52,90",R$,"26,45"
"","Sentir, pensar, agir: Corporeidade e educação Maria Augusta Salim",,,,,
9788530802530,,,R$,"51,00",R$,"25,50"
"",Goncalves,,,,,
9788530811358,Sete arcos de Íris (Os) Heloisa Prieto,,R$,"39,90",R$,"19,95"
9788530809621,Sete vezes Rubem Rubem Alves,,R$,"109,90",R$,"54,95"
9788530809133,Silencioso escarcéu João Proteti,,R$,"39,90",R$,"19,95"
"",Sob o olhar das crianças: Espaços e práticas na Liana Garcia Castro,,,,,
9788544903308,,,R$,"47,90",R$,"23,95"
"",educação infantil,,,,,
9788530803872,Sobre o tempo e a eternaidade Rubem Alves,,R$,"49,90",R$,"24,95"
"",Sociedade dos afetos (A): Por um estruturalismo Frédéric Lordon,,,,,
9788544900673,,,R$,"66,90",R$,"33,45"
"",das paixões,,,,,
9788544900123,Stress em crianças e adolescentes Marilda Lipp,,R$,"75,90",R$,"37,95"
"",Técnicas de ensino: Por que não? Ilma Passos Alencastro Veiga,,,,,
9788530801823,,,R$,"47,90",R$,"23,95"
"",(org.),,,,,
"",Tecnologias e ensino presencial e a distância Vani Moreira Kenski,,,,,
9788530807085,,,R$,"47,90",R$,"23,95"
9788530809706,Tecnologias e tempo docente Vani Moreira Kenski,,R$,"48,90",R$,"24,45"
"",Teoria do cinema: Uma introdução através dos Thomas Elsaesser / Malte,,,,,
9788544902875,,,R$,"69,90",R$,"34,95"
"",sentidos Hagener,,,,,
9788530808242,Teorias da cidade Barbara Freitag,,R$,"51,00",R$,"25,50"
"","Toc, toc... Plim, plim! Lidando com as emoções, Angela M. Rodrigues Virgolim",,,,,
9788530805609,brincando com o pensamento através da,,R$,"69,90",R$,"34,95"
"",criatividade,,,,,
"",Trama matemática: Princípios e novas práticas no Márcio Barreto,,,,,
9788530809690,,,R$,"59,90",R$,"29,95"
"",ensino médio,,,,,
"","Transdisciplinaridade, criatividade e educação: Maria Cândida Moraes",,,,,
9788544901250,,,R$,"51,00",R$,"25,50"
"",Fundamentos ontológicos e epistemológicos,,,,,
9788530801069,Três ecologias (As) Felix Guattari,,R$,"31,50",R$,"15,75"
9788530811471,Um convite à educação matemática crítica Ole Skovsmose,,R$,"46,50",R$,"23,25"
"","Um olhar sobre a diferença: Interação, trabalho e Lucidio Bianchetti",,,,,
9788530805159,,,R$,"56,50",R$,"28,25"
"",cidadania,,,,,
"",Uma clareira no bosque: Contar histórias na Gilka Girardello,,,,,
9788530811259,,,R$,"41,90",R$,"20,95"
"",escola,,,,,
"",Academia de liderança: Como desenvolver sua Fernando Jucá,,,,,
9788561773250,,,R$,"54,90",R$,"27,45"
"",capacidade de liderar,,,,,
"","Aluno, o professor, a escola (O): Uma conversa Celso Antunes / Rubem Alves",,,,,
9788595550056,,,R$,"34,90",R$,"17,45"
"",sobre educação,,,,,
"",Basta de cidadania obscena! Mario Sergio Cortella /,,,,,
9788595550025,,,R$,"38,50",R$,"19,25"
"",Marcelo Tas,,,,,
"",Casa à beira do abismo (A) William Hodgson / Heloisa,,,,,
9788561773939,,,R$,"49,90",R$,"24,95"
"",Prieto e Victor Scatolin,,,,,
"","Coisa de menina? Uma conversa sobre gênero, Maria Homem / Contardo",,,,,
9788595550254,,,R$,"39,90",R$,"19,95"
"","sexualidade, maternidade e feminismo Calligaris",,,,,
"",Corrupção: Parceria degenerativa Clóvis de Barros Filho / Sérgio,,,,,
9788561773632,,,R$,"41,90",R$,"20,95"
"",Praça,,,,,
"","Cuidado, afeto e limites: Uma combinação Jose Martins Filho",,,,,
9788561773090,,,R$,"43,90",R$,"21,95"
"",possível,,,,,
"",Desafios da aprendizagem: Como as Lino de Macedo / Rodrigo,,,,,
9788561773861,,,R$,"42,90",R$,"21,45"
"",neurociências podem ajudar pais e professores Affonseca Bressan,,,,,
"",É rindo que se aprende: Uma entrevista a Marcelo Tas,,,,,
9788561773205,,,R$,"49,90",R$,"24,95"
"",Gilberto Dimenstein (Inclui DVD),,,,,
"",Educar para o consumo: Como lidar com os Maria Tereza Maldonado /,,,,,
9788561773274,,,R$,"41,90",R$,"20,95"
"",desejos de crianças e adolescentes Cássia D'Aquino,,,,,
"",Educar sem violência: Criando filhos sem Ligia Moreiras Sena / Andreia,,,,,
9788561773557,,,R$,"42,90",R$,"21,45"
"",palmadas Mortensen,,,,,
"",Equação da afetividade (A): Como lidar com a Ivan Capelatto / Iuri,,,,,
9788561773243,,,R$,"41,90",R$,"20,95"
"",raiva de crianças e adolescentes Capelatto,,,,,
"",Era da curadoria (A): O que importa é saber o que Gilberto Dimenstein / Mario,,,,,
9788561773786,,,R$,"39,90",R$,"19,95"
"",importa! Sergio Cortella,,,,,
"",Escola sem sala de aula R.,,,,,
9788561773182,Semler/G.Dimenstein/Antoni,,R$,"44,90",R$,"22,45"
"",o Carlos G. da Costa,,,,,
"",Ética e vergonha na cara! Mario Sergio Cortella / Clóvis,,,,,
9788561773489,,,R$,"38,50",R$,"19,25"
"",de Barros Filho,,,,,
"",Expertise em aprender: Conheça o segredo dos Fernando Jucá,,,,,
9788561773472,,,R$,"56,50",R$,"28,25"
"",melhores profissionais,,,,,
"",Extraordinários: Pessoas que vão além do óbvio Eduardo Colamego,,,,,
9788561773885,,,R$,"44,90",R$,"22,45"
"",Felicidade ou morte Clóvis de Barros Filho /,,,,,
9788561773892,,,R$,"34,90",R$,"17,45"
"",Leandro Karnal,,,,,
"",Fomos maus alunos Gilberto Dimenstein / Rubem,,,,,
9788561773021,,,R$,"44,90",R$,"22,45"
"",Alves,,,,,
"",Gerações em ebulição: O passado do futuro e o Mario Sergio Cortella / Pedro,,,,,
9788595550148,,,R$,"47,90",R$,"23,95"
"",futuro do passado Bial,,,,,
9788561773625,Grandes criativos,Celso Loducca (org.),R$,"64,90",R$,"32,45"
"",Inferno somos nós (O): Do ódio à cultura de paz,Leandro Karnal / Monja Coen,,,,
9788595550117,,,R$,"34,90",R$,"17,45"
"",Liderança em foco,Eugenio Mussak / Mario,,,,
9788561773076,,,R$,"44,90",R$,"22,45"
"",,Sergio Cortella,,,,
"",Motivação: Do querer ao fazer,Eugenio Mussak / Luiz Marins,,,,
9788561773151,,,R$,"44,90",R$,"22,45"
9788561773908,Mulheres que viram mães,Ligia Moreiras Sena,R$,"56,90",R$,"28,45"
"",Nem anjos nem demônios: A humana escolha,Mario Sergio Cortella / Monja,,,,
9788595550223,,,R$,"43,90",R$,"21,95"
"",entre virtudes e vícios,Coen,,,,
"",Nos labirintos da moral - Ed. ampliada,Mario Sergio Cortella / Yves,,,,
9788595550063,,,R$,"39,90",R$,"19,95"
"",,de La Taille,,,,
"",Pirâmide do fazer acontecer (A): 5 passos para,Ricardo Jucá,,,,
9788561773656,,,R$,"65,90",R$,"32,95"
"",trazer mais resultados,,,,,
"",Política: Para não ser idiota,Mario Sergio Cortella /,,,,
9788561773168,,,R$,"38,50",R$,"19,25"
"",,Renato Janine Ribeiro,,,,
"",Que move as paixões (O),Clóvis de Barros Filho / Luiz,,,,
9788595550070,,,R$,"38,50",R$,"19,25"
"",,Felipe Pondé,,,,
"",Quem tem medo do lobo mau? O impacto do,Luiz Felipe Pondé / Ilan,,,,
9788595550247,,,R$,"36,90",R$,"18,45"
"",politicamente correto na formação das crianças,Brenman,,,,
"",Sobre a esperança: Diálogo,Frei Betto / Mario Sergio,,,,
9788561773083,,,R$,"41,90",R$,"20,95"
"",,Cortella,,,,
9788561773120,Tenho um abraço para te dar,João Proteti,R$,"24,90",R$,"12,45"
"",Verdades e mentiras: Ética e democracia no Brasil,Cortella / Dimenstein / Karnal,,,,
9788561773922,,,R$,"39,90",R$,"19,95"
"",,/ Pondé,,,,
"",Vida e carreira: Um equilíbrio possível?,Mario Sergio Cortella / Pedro,,,,
9788561773212,,,R$,"41,90",R$,"20,95"
"",,Mandelli,,,,
"",Vida em rede (A),Ronaldo Lemos / Massimo di,,,,
9788561773618,,,R$,"44,90",R$,"22,45"
"",,Felice,,,,
"",Vivemos mais! Vivemos bem? Por uma vida plena,Mario Sergio Cortella /,,,,
9788561773366,,,R$,"41,90",R$,"20,95"
"",,Terezinha Azerêdo Rios,,,,
"","Viver, a que se destina?",Mario Sergio Cortella /,,,,
9788595550315,,,R$,"39,90",R$,"19,95"
"",,Leandro Karnal,,,,
"",Zen: Pensamentos da Monja Coen nas palavras,Leandro Rocha Saraiva,,,,
9788595550278,,,R$,"44,90",R$,"22,45"
"",de Leandro Gyokan Saraiva,,,,,
"",BOX - Quatro x quatro: Reflexões para bem,Clóvis de Barros Filho /,,,,
9786555920086,,Leandro Karnal / Mario,R$,"154,90",R$,"77,45"
"","pensar, bem sentir, bem agir e bem viver",Sergio Cortella / Monja Coen,,,,
"",Pais ou reféns dos filhos? Reflexões sobre,Ilan Brenman,,,,
9786555920147,"infância, família, educação, cultura e",,R$,"45,90",R$,"22,95"
"",tecnologia..._LANÇAMENTO,,,,,
"","Contra a realidade: A negação da ciência, suas",Natalia Pasternak / Carlos,,,,
9786555920154,,,R$,"44,90",R$,"22,45"
"",causas e consequências_LANÇAMENTO,Orsi,,,,
9786589558002,Onde é que está?_LANÇAMENTO,João Proteti,R$,"44,90",R$,"22,45"
"",Sobre as coisas: Antologia de contos,Heloisa Prieto / Victor,,,,
9786589558026,,,R$,"54,90",R$,"27,45"
"",clássicos_LANÇAMENTO,Scatolin,,,,
"",O primeiro passeio_LANÇAMENTO,Beatriz Guimarães; Nye,,,,
9786589558040,,,R$,"49,90",R$,"24,95"
"",,Ribeiro,,,,
